Date,Daily_Return,Cummulative_Daily_Return,Portfolio
2016-12-30,0.0,0.0,10000.0
2017-01-03,0.006029579033391519,0.006029579033391519,10060.295790333916
2017-01-04,0.0030379801052333733,0.009067559138624892,10090.858768797712
2017-01-05,-0.0021497718107816866,0.006917787327843206,10069.165725069972
2017-01-06,0.0032419107309502593,0.010159698058793465,10101.809061485792
2017-01-09,-0.0038279244875442098,0.006331773571249255,10063.140099210834
2017-01-10,-0.001601596646900072,0.004730176924349183,10047.023007770653
2017-01-11,0.004973425715502966,0.009703602639852149,10096.99113036175
2017-01-12,-0.0031712143512449,0.006532388288607249,10064.971407184754
2017-01-13,-0.0002649203785631826,0.006267467910044067,10062.304991149334
2017-01-17,-0.0029649872602193206,0.003302480649824746,10032.470385042136
2017-01-18,-0.001112073658305679,0.002190406991519067,10021.313538999198
2017-01-19,-0.0036516704064697425,-0.0014612634149506754,9984.719004914881
2017-01-20,0.004806795295926758,0.0033455318809760826,10032.713505258856
2017-01-23,-0.0013819561777351774,0.001963575703240905,10018.848734850817
2017-01-24,0.005700110372129474,0.0076636860753703795,10075.957278441136
2017-01-25,0.007824089277145951,0.01548777535251633,10154.792467740368
2017-01-26,0.0016144891176970155,0.017102264470213346,10171.187269672006
2017-01-27,-0.00035475305941723434,0.016747511410796112,10167.579009870184
2017-01-30,-0.006103801364986339,0.010643710045809773,10105.518127231131
2017-01-31,-0.005359787404064398,0.0052839226417453755,10051.354698461253
2017-02-01,0.0013516657237355734,0.006635588365480949,10064.940770084271
2017-02-02,-0.00030311775314628697,0.006332470612334662,10061.889907852494
2017-02-03,0.009381524974673594,0.015713995587008256,10156.285779315429
2017-02-06,-0.0009486611704195846,0.014765334416588671,10146.650905360908
2017-02-07,0.0018885072610956843,0.016653841677684356,10165.812929271486
2017-02-08,-0.0017893828524897515,0.014864458825194604,10147.622397934229
2017-02-09,0.005887032322920982,0.020751491148115586,10207.361778991664
2017-02-10,0.004807001057001825,0.02555849220511741,10256.428577852477
2017-02-13,0.007044669946772553,0.032603162151889964,10328.681732016094
2017-02-14,0.004519364892977995,0.03712252704486796,10375.36081362651
2017-02-15,0.005240297961814244,0.0423628250066822,10429.730795751244
2017-02-16,0.000383767233517629,0.04274659224019983,10433.733384685063
2017-02-17,0.00020762841182642156,0.042954220652026254,10435.899724177147
2017-02-21,0.005767500284577398,0.04872172093660365,10496.08877880616
2017-02-22,0.0015715956889070792,0.05029331662551073,10512.584386681317
2017-02-23,0.0016712250802779494,0.05196454170578868,10530.153281366878
2017-02-24,0.0005497009634267691,0.05251424266921545,10535.941716770678
2017-02-27,0.0007530433391074176,0.05326728600832287,10543.875737501716
2017-02-28,-0.001209324149768376,0.05205796185855449,10531.124773940199
2017-03-01,0.014573661626970491,0.06663162348552498,10684.60182294701
2017-03-02,-0.005331619302346935,0.06130000418317805,10627.635593629895
2017-03-03,0.0001304688947927346,0.06143047307797078,10629.022169500056
2017-03-06,-0.0024455774861821267,0.058984895591788655,10603.028072182196
2017-03-07,-0.0014116444777344528,0.0575732511140542,10588.060366156837
2017-03-08,-0.0032989290031611995,0.054274322110893,10553.1311067277
2017-03-09,0.00011790449529858194,0.054392226606191585,10554.375368324658
2017-03-10,0.0021474066924964674,0.05653963329868805,10577.039904625717
2017-03-13,-0.0010285614547715927,0.05551107184391646,10566.160769074238
2017-03-14,-0.0021124617189386408,0.05339861012497782,10543.840158933417
2017-03-15,0.005410014478757663,0.05880862460373548,10600.882486854953
2017-03-16,-0.000742183971194188,0.058066440632541294,10593.014681792696
2017-03-17,-0.0009520930653478255,0.05711434756719347,10582.929145973034
2017-03-20,-0.00041883457528446577,0.056695512991909,10578.496649338915
2017-03-21,-0.011377174461406181,0.04531833853050282,10458.143247419985
2017-03-22,-0.0003246071804242634,0.04499373135007856,10454.748459027967
2017-03-23,-0.0002284804415259023,0.044765250908552656,10452.359753484006
2017-03-24,-0.002897835690787498,0.04186741521776516,10422.07053233741
2017-03-27,-0.0022207532468049296,0.03964666197096023,10398.925685364291
2017-03-28,0.007324201951283138,0.04697086392224337,10475.089517160284
2017-03-29,-0.002037518416539874,0.04493334550570349,10453.746329354166
2017-03-30,0.003348121856320052,0.048281467362023545,10488.746745919902
2017-03-31,-0.003148783655345988,0.04513268370667756,10455.719951601286
2017-04-03,-0.0006296097695472902,0.044503073937130266,10449.136928172107
2017-04-04,0.0018900192832473905,0.04639309322037766,10468.885998459646
2017-04-05,-0.001986048945467278,0.04440704427491038,10448.094278462188
2017-04-06,0.0007167144681259341,0.04512375874303631,10455.582578795906
2017-04-07,-0.00033149233937934675,0.044792266403656966,10452.116633267287
2017-04-10,9.294697020778564e-05,0.04488521337386475,10453.088125840608
2017-04-11,-0.00032523688874608325,0.04455997648511867,10449.688395980771
2017-04-12,-0.0028783371507508093,0.04168163933436786,10419.61066965685
2017-04-13,-0.006731270473237627,0.03495036886113023,10349.473452013557
2017-04-17,0.008979987135296241,0.04393035599642647,10442.411590469728
2017-04-18,-0.005506665986504178,0.038423690009922296,10384.908717747412
2017-04-19,-0.005788015686074455,0.03263567432384784,10324.800703190638
2017-04-20,0.00853835117289492,0.04117402549674276,10412.957477384633
2017-04-21,-0.0015040384195590395,0.03966998707718372,10397.29598927741
2017-04-24,0.010518463415976509,0.05018845049316023,10506.659566765704
2017-04-25,0.011184248646801898,0.06137269913996213,10624.168659807712
2017-04-26,-0.001001580184135542,0.060371118955826586,10613.527703005135
2017-04-27,0.00029750691994578915,0.060668625875772375,10616.685300941816
2017-04-28,-0.0019455540877534316,0.05872307178801894,10596.029965456177
2017-05-01,-0.0012916986466777747,0.05743137314134117,10582.34308788964
2017-05-02,0.0017419253374115762,0.059173298478752745,10600.776739443618
2017-05-03,0.0003823297108502821,0.05955562818960303,10604.829731349198
2017-05-04,-0.00030679063170258036,0.05924883755790045,10601.57626893682
2017-05-05,0.002647487175767793,0.06189632473366824,10629.643806151755
2017-05-08,0.00025419427527340055,0.06215051900894164,10632.345800755475
2017-05-09,-0.001737079518328577,0.06041343949061306,10613.876570633196
2017-05-10,-0.0015575069422982812,0.05885593254831478,10597.345384189737
2017-05-11,-0.0011311335246750875,0.057724799023639695,10585.358371553119
2017-05-12,-0.0010904005445747655,0.05663439847906493,10573.816091020259
2017-05-15,0.004083441317857428,0.06071783979692236,10616.993648533757
2017-05-16,-0.00010434941583414847,0.06061349038108821,10615.885771448617
2017-05-17,-0.017770484038179712,0.042843006342908496,10427.23634279595
2017-05-18,0.0027218923246010718,0.04556489866750957,10455.618157364208
2017-05-19,0.006863484414052712,0.05242838308156228,10527.380129626563
2017-05-22,0.004325447109944092,0.05675383019150637,10572.915755583539
2017-05-23,0.0020617577632326967,0.05881558795473907,10594.714546722618
2017-05-24,0.0035586056616427886,0.06237419361638186,10632.416957892074
2017-05-25,0.0033565527976897602,0.06573074641407162,10668.10522677829
2017-05-26,-0.00012663891789033155,0.06560410749618129,10666.754229476432
2017-05-30,-0.0024102429116075186,0.06319386458457377,10641.044760704977
2017-05-31,-0.00099005404339092,0.06220381054118285,10630.509551313738
2017-06-01,0.006451118675166345,0.06865492921634919,10699.088230006753
2017-06-02,0.0029374218304016875,0.07159235104675088,10730.51596533897
2017-06-05,-0.001049217047566553,0.07054313399918433,10719.25732505895
2017-06-06,-0.0022568214498164263,0.0682863125493679,10695.065875201655
2017-06-07,0.0017722641901725122,0.07005857673954041,10714.02035746381
2017-06-08,0.0004174918957591256,0.07047606863529954,10718.49337413405
2017-06-09,0.004222413905179634,0.07469848254047917,10763.75128959957
2017-06-12,-0.001706507674188673,0.0729919748662905,10745.38286542081
2017-06-13,0.004370042555351894,0.07736201742164239,10792.340645816248
2017-06-14,0.002160953984537084,0.07952297140617948,10815.662397337306
2017-06-15,-0.0006858693640905411,0.07883710204208894,10808.244265846626
2017-06-16,0.001141339884745074,0.07997844192683401,10820.580146111304
2017-06-19,0.006767164583430629,0.08674560651026464,10893.804792848241
2017-06-20,-0.0028728523122392158,0.08387275419802542,10862.508500560025
2017-06-21,-0.002660406857282638,0.08121234734074279,10833.609808457844
2017-06-22,-0.0005950591752277301,0.08061728816551506,10827.163169540485
2017-06-23,-0.0001182064170658359,0.08049908174844922,10825.883329375227
2017-06-26,0.000691338242963857,0.08119041999141308,10833.367676534688
2017-06-27,-0.004618995793531866,0.07657142419788121,10783.32839680699
2017-06-28,0.006754798663887618,0.08332622286176883,10856.167609054004
2017-06-29,-0.007810912573419926,0.0755153102883489,10771.37103297729
2017-06-30,0.0029408313215968374,0.07845614160994574,10803.04781828761
2017-07-03,0.0060721739279194775,0.08452831553786522,10868.645803591884
2017-07-05,-5.119398373398809e-05,0.08447712155413123,10868.089394315404
2017-07-06,-0.007362399122000984,0.07711472243213024,10788.074182500868
2017-07-07,0.0044231054630601285,0.08153782789519037,10835.790972353385
2017-07-10,-0.00027179509349661846,0.08126603280169375,10832.845857532944
2017-07-11,2.5727199360892072e-05,0.08129176000105465,10833.124556317967
2017-07-12,0.00574851269595511,0.08704027269700976,10895.398910366825
2017-07-13,0.0009729278251915385,0.0880132005222013,10905.999347133282
2017-07-14,0.003927529242381267,0.09194072976458256,10948.832978486538
2017-07-17,-0.0003706270231148556,0.09157010274146771,10944.77504511314
2017-07-18,-0.0025423460214655247,0.08902775672000218,10916.949639821361
2017-07-19,0.0030600396767703764,0.09208779639677256,10950.355938868519
2017-07-20,-0.001338710678927435,0.09074908571784512,10935.696580435098
2017-07-21,-0.001467208411645493,0.08928187730619963,10919.651634425081
2017-07-24,-0.0031001006788309304,0.0861817766273687,10885.799614980602
2017-07-25,0.004660390169793249,0.09084216679716195,10936.531688496598
2017-07-26,0.004514789162843202,0.09535695596000515,10985.907823242913
2017-07-27,0.003939983287209348,0.0992969392472145,11029.192116461312
2017-07-28,0.0015488581640192844,0.10084579741123378,11046.274770713431
2017-07-31,0.0027855120805280187,0.1036313094917618,11077.044302532086
2017-08-01,0.0033255851737108433,0.10695689466547265,11113.881956833124
2017-08-02,0.002382102679580944,0.10933899734505359,11140.356364823043
2017-08-03,0.00044782282964939135,0.10978682017470298,11145.34527073364
2017-08-04,0.003028722228769265,0.11281554240347225,11179.10142570242
2017-08-07,0.001159172344580739,0.11397471474805299,11192.059930912357
2017-08-08,-0.001495589569320166,0.11247912517873282,11175.321202820478
2017-08-09,-0.0016590473707548403,0.11082007780797798,11156.780815561599
2017-08-10,-0.009283516052091323,0.10153656175588666,11053.206661770668
2017-08-11,0.0006551245411692275,0.10219168629705588,11060.447888713408
2017-08-14,0.006194008645878268,0.10838569494293415,11128.956398563385
2017-08-15,0.00024003665820671038,0.10862573160114086,11131.627756066624
2017-08-16,0.001176367913903631,0.1098020995150445,11144.722645788379
2017-08-17,-0.012446778690246574,0.09735532082479792,11006.006749452072
2017-08-18,-0.0035042824531575922,0.09385103837164033,10967.438593120633
2017-08-21,0.0013490609333814962,0.09520009930502182,10982.234336065872
2017-08-22,0.00903717675516913,0.10423727606019095,11081.482728927587
2017-08-23,-0.004009188116664397,0.10022808794352656,11037.05498005575
2017-08-24,-0.0013153005205147617,0.0989127874230118,11022.537935895532
2017-08-25,0.0013895686948410813,0.10030235611785288,11037.854509548952
2017-08-28,-0.00024157013784809056,0.10006078598000478,11035.188093513532
2017-08-29,0.0026122388153002607,0.10267302479530505,11064.014640185547
2017-08-30,0.0012375984462444922,0.10391062324154954,11077.707447513467
2017-08-31,0.00254288458017915,0.10645350782172869,11105.876778965485
2017-09-01,0.0017979204670250937,0.10825142828875378,11125.844262130646
2017-09-05,-0.01065375121995027,0.09759767706880351,11007.312285249995
2017-09-06,0.0024975544760383883,0.1000952315448419,11034.803647317172
2017-09-07,-0.0010483173543676116,0.09904691419047429,11023.235671151651
2017-09-08,0.0005971951998093861,0.09964410939028367,11029.81869458083
2017-09-11,0.011908550788372052,0.11155266017865573,11161.167850691781
2017-09-12,0.002787741093825513,0.11434040127248124,11192.282296964238
2017-09-13,0.0017776826477970964,0.11611808392027834,11212.178622992798
2017-09-14,0.002044427019226358,0.1181625109395047,11235.101103914038
2017-09-15,0.002921135499062144,0.12108364643856684,11267.920356584233
2017-09-18,0.002829567272060629,0.12391321371062747,11299.80369524941
2017-09-19,0.001766627300413548,0.12567984101104102,11319.76623694675
2017-09-20,0.0018680181772940951,0.1275478591883351,11340.911766040088
2017-09-21,-0.0023807768478339986,0.1251670823405011,11313.911585874172
2017-09-22,-0.0004311698031591593,0.12473591253734195,11309.03336884273
2017-09-25,-0.0023937799473738863,0.12234213258996807,11281.962031540214
2017-09-26,-0.0005278742296286332,0.12181425836033943,11276.006574524115
2017-09-27,0.0025305068410979015,0.12434476520143734,11304.540586301213
2017-09-28,0.0018123094364932424,0.12615707463793058,11325.027911880987
2017-09-29,0.0010674416847147317,0.1272245163226453,11337.116718754687
2017-10-02,0.006806924975020445,0.13403144129766575,11414.2876216923
2017-10-03,0.0037269174892642365,0.13775835878693,11456.827729857077
2017-10-04,0.0008820331359793432,0.13864039192290933,11466.933031548018
2017-10-05,0.005019495361448412,0.14365988728435775,11524.491248709914
2017-10-06,-7.555098190548115e-05,0.14358433630245226,11523.620562080112
2017-10-09,-0.0005532533587350175,0.14303108294371725,11517.245080299354
2017-10-10,0.003058264573866376,0.14608934751758362,11552.46786291697
2017-10-11,0.0018488690690672271,0.14793821658665085,11573.82686342011
2017-10-12,-0.0013938272996485424,0.1465443892870023,11557.69494757647
2017-10-13,0.0013445525313955375,0.14788894181839785,11573.234875575332
2017-10-16,0.003726883319423946,0.1516158251378218,11616.366971584888
2017-10-17,0.0017632349392937563,0.15337906007711555,11636.849355696844
2017-10-18,0.0069642603723971686,0.16034332044951272,11717.89140452428
2017-10-19,0.00023488846930397322,0.1605782089188167,11720.64380209976
2017-10-20,0.007148966784029875,0.16772717570284656,11804.434295328416
2017-10-23,-0.0023434689418573296,0.16538370676098924,11776.770970181118
2017-10-24,0.007209723715512206,0.17259343047650144,11861.67823513699
2017-10-25,-0.004790545984933892,0.16780288449156755,11804.854320093076
2017-10-26,0.0030604409459471515,0.1708633254375147,11840.98237961523
2017-10-27,0.0014243100046404944,0.1722876354421552,11857.847609283288
2017-10-30,-0.003646348380041964,0.16864128706211323,11814.609765862393
2017-10-31,0.0012206225995028408,0.16986190966161607,11829.030945546912
2017-11-01,0.0024711869609421733,0.17233309662255825,11858.262692580129
2017-11-02,0.004112270262048634,0.17644536688460688,11907.027073610387
2017-11-03,0.0003318374640512989,0.17677720434865818,11910.978271278884
2017-11-06,0.0003921319707451687,0.17716933631940335,11915.648946661904
2017-11-07,0.00037414598959206735,0.17754348230899542,11920.107138928684
2017-11-08,0.0002601709168712496,0.17780365322586666,11923.208404132223
2017-11-09,-0.004304136785462043,0.17349951644040462,11871.889284239267
2017-11-10,-0.0016933176263784766,0.17180619881402615,11851.786404855851
2017-11-13,0.0007466537337856849,0.17255285254781183,11860.635585427068
2017-11-14,-0.0012896289898131075,0.17126322355799872,11845.339765938492
2017-11-15,-0.005903226433545683,0.16535999712445304,11775.414043117873
2017-11-16,0.008039097281176133,0.17339909440562917,11870.077742136626
2017-11-17,-0.004267951523144409,0.16913114288248476,11819.416825757231
2017-11-20,0.003086270328015006,0.17221741321049977,11855.894741201007
2017-11-21,0.00685009555839966,0.17906750876889943,11937.108753108563
2017-11-22,-0.002740488164719057,0.17632702060418037,11904.395247849705
2017-11-24,0.0013521339757471829,0.17767915457992756,11920.491585125046
2017-11-27,0.0009673602150810368,0.1786465147950086,11932.022994428704
2017-11-28,0.010853400449700956,0.18949991524470955,12061.526018162278
2017-11-29,0.004361707043920804,0.19386162228863035,12114.13486115613
2017-11-30,0.013853822289271678,0.20771544457790203,12281.961932710858
2017-12-01,-0.0016792674084282755,0.20603617716947376,12261.3372343257
2017-12-04,0.002412591904904504,0.20844876907437826,12290.918837280538
2017-12-05,-0.004504319782421162,0.2039444492919571,12235.556608417643
2017-12-06,-0.0016430693200462088,0.2023013799719109,12215.452740740662
2017-12-07,0.002923266440380212,0.2052246464122911,12251.16176379172
2017-12-08,0.004860491189371485,0.21008513760166259,12310.708427604195
2017-12-11,0.002337488851229086,0.21242262645289167,12339.484571304452
2017-12-12,0.00487047247131045,0.21729309892420212,12399.583691219152
2017-12-13,0.0032903310241025885,0.2205834299483047,12440.382426124326
2017-12-14,-0.0031225621120233304,0.21746086783628138,12401.53655930143
2017-12-15,0.005837939618601018,0.2232988074548824,12473.935980912505
2017-12-18,0.005697730993414529,0.22899653844829693,12545.00911256082
2017-12-19,-0.0015105242749774428,0.22748601417331948,12526.059571766484
2017-12-20,-0.001135119901231052,0.22635089427208843,12511.840992262565
2017-12-21,0.002250149979719618,0.22860104425180805,12539.99451101756
2017-12-22,-0.0011390600583266464,0.2274619841934814,12525.710704138424
2017-12-26,-0.00031710390948325173,0.22714488028399815,12521.738752305086
2017-12-27,0.0011351169607720646,0.22827999724477022,12535.952390341185
2017-12-28,0.002551393273744429,0.23083139051851465,12567.936534949882
2017-12-29,-0.004762517000142741,0.2260688735183719,12508.081523545468
2018-01-02,0.0042391733848936575,0.23030804690326556,12561.105449836163
2018-01-03,0.003974777757767223,0.23428282466103278,12611.03305239114
2018-01-04,0.006116965502367844,0.24039979016340063,12688.174306521838
2018-01-05,0.008803075943568661,0.2492028661069693,12799.869268527385
2018-01-08,-0.0005087447501194164,0.24869412135684987,12793.357402234808
2018-01-09,0.004066004083771668,0.25276012544062154,12845.375245677445
2018-01-10,-0.000656663227551646,0.2521034622130699,12836.940160109507
2018-01-11,0.008104322158873689,0.2602077843719436,12940.974858701218
2018-01-12,0.008932996758427514,0.2691407811303711,13056.576545164888
2018-01-16,-0.0004003411339426055,0.2687404399964285,13051.349460505387
2018-01-17,0.012514743361019764,0.28125518335744826,13214.683749518596
2018-01-18,-0.0037464065526441326,0.2775087768048041,13165.176171728279
2018-01-19,0.0020720481515104083,0.27958082495631453,13192.455050679217
2018-01-22,0.005480225408861283,0.2850610503651758,13264.75267805321
2018-01-23,-0.0001445401629801557,0.28491651020219566,13262.835388539232
2018-01-24,0.0015760135947007203,0.2864925237968964,13283.737797415848
2018-01-25,0.005358421585757389,0.29185094538265377,13354.917664769062
2018-01-26,0.008484206594071564,0.30033515197672533,13468.223545283778
2018-01-29,-0.006658616429586761,0.2936765355471386,13378.543810707804
2018-01-30,-0.013713954938659345,0.27996258060847923,13195.071063742878
2018-01-31,0.0027802394481224457,0.2827428200566017,13231.756520835075
2018-02-01,0.0014271962599510246,0.2841700163165527,13250.640834254194
2018-02-02,-0.025423200400728097,0.2587468159158246,12913.76713688688
2018-02-05,-0.046048851388396095,0.2126979645274285,12319.102993136023
2018-02-06,0.023290288089296896,0.2359882526167254,12606.01845084788
2018-02-07,-0.0007795167795632274,0.23520873583716218,12596.19184794196
2018-02-08,-0.041492554761935585,0.1937161810752266,12073.543667899381
2018-02-09,0.013848829408222851,0.20756501048344944,12240.74811450885
2018-02-12,0.016963781173851444,0.22452879165730089,12448.397486927612
2018-02-13,0.0015925880349481059,0.226121379692249,12468.22265581957
2018-02-14,0.010269334514910078,0.23639071420715907,12596.263005078563
2018-02-15,0.012327676969388301,0.24871839117654737,12751.545666426628
2018-02-16,0.0007544222326232308,0.2494728134091706,12761.16571597769
2018-02-20,-0.010096634044857722,0.23937617936431288,12632.320895757679
2018-02-21,-0.006688258569583105,0.23268792079472977,12547.832667272904
2018-02-22,0.006641771019220144,0.23932969181394992,12631.17249863642
2018-02-23,0.013921283426141962,0.2532509752400919,12807.014630994428
2018-02-26,0.015775561079937273,0.26902653632002915,13009.05247255733
2018-02-27,-0.011639390765702973,0.2573871455543262,12857.635027337701
2018-02-28,-0.014987392327478921,0.24239975322684726,12664.932606779455
2018-03-01,-0.016789140808196712,0.22561061241865055,12452.299269917914
2018-03-02,-0.0028818715982589227,0.22272874082039162,12416.413342318918
2018-03-05,0.013721509004625876,0.2364502498250175,12586.785269800705
2018-03-06,0.000376259915198629,0.23682650974021613,12591.521172558943
2018-03-07,-0.003325806517695429,0.2335007032225207,12549.644209375547
2018-03-08,0.0037841297761527226,0.23728483299867342,12597.133691708368
2018-03-09,0.017695343011190356,0.2549801760098638,12820.04429334097
2018-03-12,-0.006201944680574556,0.24877823132928922,12740.535087831155
2018-03-13,-0.006814517655425512,0.2419637136738637,12653.71448653556
2018-03-14,-0.009953607575495016,0.2320101060983687,12527.76437816423
2018-03-15,0.00466679294047867,0.23667689903884737,12586.228860524227
2018-03-16,0.0029287852659150015,0.23960568430476237,12623.091222164365
2018-03-19,-0.013452768043625829,0.22615291626113654,12453.275703959058
2018-03-20,0.004727959033666629,0.23088087529480317,12512.154281322331
2018-03-21,-0.0018181944560511365,0.22906268083875203,12489.404751774775
2018-03-22,-0.029349761259150786,0.19971291957960124,12122.843704041283
2018-03-23,-0.017726577556324452,0.1819863420232768,11907.947174918396
2018-03-26,0.028444937911019652,0.21043127993429644,12246.66799295665
2018-03-27,-0.014250067242421616,0.19618121269187483,12072.152150561406
2018-03-28,-0.0003894344955951423,0.1957917781962797,12067.450838077904
2018-03-29,0.010679510590611008,0.2064712887868907,12196.325307104835
2018-04-02,-0.01903986389204193,0.18743142489484876,11964.108933274492
2018-04-03,0.016459431719853868,0.20389085661470263,12161.031367350617
2018-04-04,0.009609202053135757,0.2135000586678384,12277.889174934011
2018-04-05,0.009928986787913985,0.22342904545575237,12399.796174335403
2018-04-06,-0.02336077460534758,0.2000682708504048,12110.127330754502
2018-04-09,0.0019362515733165608,0.20200452242372136,12133.57558385174
2018-04-10,0.01788642599646706,0.21989094842018841,12350.601885604843
2018-04-11,-0.008954063473041618,0.2109368849471468,12240.01381239087
2018-04-12,0.012137587749307732,0.22307447269645453,12388.578054091502
2018-04-13,-0.00502021407986164,0.2180542586165929,12326.384740114887
2018-04-16,0.008739622680236536,0.22679388129682942,12434.112691754917
2018-04-17,0.008692119698004985,0.2354860009948344,12542.191487610135
2018-04-18,-0.001555699404802935,0.23393030159003148,12522.679607777935
2018-04-19,-0.0033610575066932435,0.23056924408333823,12480.590161478298
2018-04-20,-0.008187799205981672,0.22238144487735656,12378.401595263964
2018-04-23,-0.0005825138073576319,0.22179893106999893,12371.191005421704
2018-04-24,-0.01736529046123303,0.2044336406087659,12156.361680261163
2018-04-25,0.0024849689297585797,0.20691860953852448,12186.56986133552
2018-04-26,0.009903315413341884,0.21682192495186636,12307.257306479052
2018-04-27,-0.00045844234956959884,0.21636348260229676,12301.615138522713
2018-04-30,-0.0060893385239516595,0.2102741440783451,12226.70643955288
2018-05-01,-0.0026527836121845727,0.20762136046616053,12194.271633079043
2018-05-02,-0.007223119038175296,0.20039824142798524,12106.190957489469
2018-05-03,0.00021608886501511826,0.20061433029300035,12108.806970553129
2018-05-04,0.013888729054131188,0.21450305934713154,12276.982909735916
2018-05-07,0.003907697422520062,0.2184107567696516,12324.957644208615
2018-05-08,0.00011867582159741374,0.21852943259124902,12326.420318683195
2018-05-09,0.007484669384341114,0.22601410197559013,12418.679499460963
2018-05-10,0.008026481444048938,0.23404058341963907,12518.357800022977
2018-05-11,0.003704218617109012,0.23774480203674808,12564.728534041455
2018-05-14,0.0027481683138450563,0.24049297035059314,12599.258522870772
2018-05-15,-0.007751187630103518,0.23274178272048962,12501.59930605982
2018-05-16,0.002530498395137526,0.23527228111562715,12533.234583040456
2018-05-17,-0.002218473686318778,0.23305380742930837,12505.42993191352
2018-05-18,4.4888560197797744e-05,0.23309869598950617,12505.991282657818
2018-05-21,0.012065471767864544,0.2451641677573707,12656.881967407886
2018-05-22,-0.007151354857933279,0.23801281289943743,12566.368113063976
2018-05-23,0.0021099913505218115,0.24012280424995924,12592.883041090014
2018-05-24,-0.0030156849994353863,0.23710711925052386,12554.906872603355
2018-05-25,-0.0023646013998686044,0.23474251785065525,12525.219522237177
2018-05-29,-0.015821888397455464,0.2189206294531998,12327.04689680271
2018-05-30,0.012574378288186194,0.23149500774138598,12482.05184765932
2018-05-31,-0.01021330092558903,0.22128170681579695,12354.568895970371
2018-06-01,0.008984785907586001,0.23026649272338295,12465.572052481186
2018-06-04,0.007244854370348275,0.23751134709373123,12555.883306644495
2018-06-05,-0.0005524766641775702,0.23695887042955366,12548.946474119437
2018-06-06,0.013968162462325573,0.25092703289187923,12724.232197200965
2018-06-07,0.0037786548641114415,0.2547056877559907,12772.312679085002
2018-06-08,0.0029760278906763027,0.257681715646667,12810.323437846397
2018-06-11,0.0002283587111095997,0.2579100743577766,12813.24878679556
2018-06-12,-6.239865521251442e-05,0.25784767570256406,12812.449257302362
2018-06-13,-0.004720687270358237,0.2531269884322058,12751.965691191304
2018-06-14,-0.0010272793627907895,0.25209970906941503,12738.865860001728
2018-06-15,-0.003369574248828111,0.24873013482058692,12695.94130564059
2018-06-18,-0.00410553180730433,0.2446246030132826,12643.817714786614
2018-06-19,-0.011496152173139929,0.23312845084014266,12498.462462287984
2018-06-20,-0.001716995711385283,0.23141145512875738,12477.002655841325
2018-06-21,-0.007952921845695071,0.2234585332830623,12377.774028850888
2018-06-22,0.0048725726362721655,0.22833110591933448,12438.085631881828
2018-06-25,-0.013347353794264771,0.2149837521250697,12272.07010242974
2018-06-26,0.0012496945826327988,0.2162334467077025,12287.406441954436
2018-06-27,-0.006816241227344921,0.20941720548035758,12203.652515587642
2018-06-28,0.004082536361962319,0.2134997418423199,12253.474370731283
2018-06-29,0.0022860612368249544,0.21578580307914486,12281.48656350664
2018-07-02,0.0014737310695889239,0.21725953414873378,12299.58617183602
2018-07-03,-0.005445278995821368,0.2118142551529124,12232.611493597225
2018-07-05,0.007525181967161787,0.2193394371200742,12324.66412102014
2018-07-06,0.004094974672934182,0.22343441179300838,12375.133308448138
2018-07-09,0.013088938754250767,0.23652335054725915,12537.110670398104
2018-07-10,0.005774415018461099,0.24229776556572025,12609.50515054136
2018-07-11,-0.00879670654116127,0.23350105902455898,12498.583034102785
2018-07-12,0.009086531352621163,0.24258759037718014,12612.151800705498
2018-07-13,0.0037921743638544836,0.24637976474103462,12659.979279437175
2018-07-16,0.0017965738788119356,0.24817633861984656,12682.723867516912
2018-07-17,0.0022155463528579222,0.2503918849727045,12710.823030125894
2018-07-18,0.0031607795863959343,0.2535526645591004,12750.999140085807
2018-07-19,-0.0053489232242105444,0.24820374133488987,12682.795024653513
2018-07-20,-0.0002545775648825632,0.2479491637700073,12679.566269580231
2018-07-23,-0.0005519200402626101,0.2473972437297447,12672.568162854212
2018-07-24,0.007892034392821046,0.25528927812256574,12772.580506640827
2018-07-25,0.0068204012837327355,0.2621096794062985,12859.6946311249
2018-07-26,0.004445197935846856,0.26655487734214534,12916.858519154797
2018-07-27,-0.002977614144298424,0.2635772631978469,12878.39709852826
2018-07-30,-0.005666972835350448,0.25791029036249646,12805.415572008043
2018-07-31,0.0042818233127375205,0.262192113675234,12860.24609893356
2018-08-01,-0.0032015948877766043,0.2589905187874574,12819.072800767664
2018-08-02,-0.0003023687764225347,0.25868815001103485,12815.196713410025
2018-08-03,0.00538652211915891,0.26407467213019375,12884.226053968181
2018-08-06,0.0015552080446481487,0.2656298801748419,12904.263705976378
2018-08-07,0.004969397530051767,0.27059927770489367,12968.390122163994
2018-08-08,-0.0017620786828107526,0.2688371990220829,12945.538798379355
2018-08-09,-0.0029127681145257878,0.26592443090755713,12907.83144574208
2018-08-10,-0.00768701525474158,0.25823741565281555,12808.608748513028
2018-08-13,-0.004955584457430384,0.25328183119538517,12745.13460607759
2018-08-14,0.004455377291525675,0.25773720848691084,12801.918989378946
2018-08-15,-0.005435185804920528,0.2523020226819903,12732.338181012132
2018-08-16,0.01575049091239622,0.26805251359438653,12932.878757825718
2018-08-17,0.004326891113985987,0.2723794047083725,12988.837916001212
2018-08-20,0.0034815546160558153,0.27586095932442833,13034.059264604866
2018-08-21,0.002469054549174121,0.27833001387360246,13066.241067926345
2018-08-22,-0.003434608485341384,0.27489540538826107,13021.363645482928
2018-08-23,-0.0029773969358366514,0.2719180084524244,12982.593877264453
2018-08-24,0.005198161988993366,0.2771161704414178,13050.079503275787
2018-08-27,0.010053799950456854,0.28716997039187464,13181.28239193928
2018-08-28,0.0005519809834229061,0.28772195137529755,13188.558209156758
2018-08-29,0.002323155919116804,0.29004510729441435,13219.197286224977
2018-08-30,-0.005269001134887041,0.2847761061595273,13149.545320721561
2018-08-31,-0.0008504128015723866,0.2839256933579549,13138.362779045963
2018-09-04,-0.00047525242237322907,0.2834504409355817,13132.118740309203
2018-09-05,0.0008673454413001824,0.2843177863768819,13143.508823633223
2018-09-06,0.0008038080500361033,0.285121594426918,13154.07368183138
2018-09-07,-0.0030516416933730195,0.28206995273354496,13113.932162146202
2018-09-10,-0.002294625445804499,0.27977532728774046,13083.840599712388
2018-09-11,0.0044084744712897805,0.28418380175903024,13141.520376982646
2018-09-12,0.0010727084074875215,0.28525651016651776,13155.617396378204
2018-09-13,0.005656785471932491,0.29091329563845025,13230.035901740339
2018-09-14,0.00033197011940244714,0.2912452657578527,13234.427878338338
2018-09-17,-0.0035385948867431294,0.28770667087110957,13187.59659951908
2018-09-18,0.007092354841816029,0.2947990257129256,13281.127714113596
2018-09-19,0.006050179619009555,0.30084920533193515,13361.48092232699
2018-09-20,0.009513860057609014,0.31036306538954417,13488.60018198442
2018-09-21,0.0032456613513083266,0.3136087267408525,13532.379610278338
2018-09-24,-0.006784797006749277,0.3068239297341032,13440.565161604327
2018-09-25,-0.002629309172140437,0.3041946205619628,13405.22576034617
2018-09-26,-0.004036342639626045,0.30015827792233674,13351.11767601587
2018-09-27,0.0020712454854125983,0.30222952340774933,13378.77111822753
2018-09-28,0.0006951932018068874,0.3029247166095562,13388.071948957453
2018-10-01,0.007290729704122478,0.3102154463136787,13485.680762796646
2018-10-02,0.004604988340410232,0.31482043465408893,13547.78216547182
2018-10-03,0.0020337377684120916,0.316854172422501,13575.334801739958
2018-10-04,-0.007488714439053301,0.3093654579834477,13473.672995995186
2018-10-05,-0.006776070597882988,0.30258938738556473,13382.374436561533
2018-10-08,0.0015021907718031358,0.30409157815736787,13402.47731594495
2018-10-09,-0.002122152480110384,0.3019694256772575,13374.035215469296
2018-10-10,-0.03147227124840346,0.270497154428854,12953.123951482346
2018-10-11,-0.021325664905842867,0.24917148952301116,12676.889970609187
2018-10-12,0.011462184326262337,0.2606336738492735,12822.194820136056
2018-10-15,-0.003529577253098992,0.2571040965961745,12776.937892964099
2018-10-16,0.02169731446142653,0.27880141105760103,13054.163132281858
2018-10-17,-0.003556040821601325,0.2752453702359997,13007.74199529162
2018-10-18,0.0,0.2752453702359997,13007.74199529162
2018-10-19,-0.010205123607525457,0.26504024662847425,12874.99638037487
2018-10-22,-0.004988523509725784,0.26005172311874847,12810.769158243736
2018-10-23,-0.004976040913051261,0.2550756822056972,12747.02224678466
2018-10-24,-0.024135579963796006,0.2309401022419012,12439.365472047102
2018-10-25,0.016317130027057924,0.24725723226895913,12642.340215908589
2018-10-26,-0.011856936591284173,0.23540029567767495,12492.440789603119
2018-10-29,-0.009939547079743871,0.22546074859793108,12368.271586233946
2018-10-30,0.01766240303960709,0.24312315163753817,12586.724983893331
2018-10-31,0.00969337182635166,0.25281652346388983,12708.73278923824
2018-11-01,0.010550366432182212,0.26336688989607204,12842.814577053392
2018-11-02,-0.004330455110254872,0.25903643478581717,12787.199345038136
2018-11-05,0.00755294305865406,0.26658937784447123,12883.780333570867
2018-11-06,0.006806715662848406,0.27339609350731964,12971.476562964082
2018-11-07,0.021271340272949857,0.2946674337802695,13247.397254777485
2018-11-08,0.00041710452321552793,0.295084538303485,13252.922804093285
2018-11-09,-0.007709450588949007,0.287375087714536,13150.750050575973
2018-11-12,-0.023168037448102474,0.26420705026643354,12846.072980933593
2018-11-13,-0.003966153561144714,0.2602408967052888,12795.123482833538
2018-11-14,-0.008146256458121393,0.25209464024716743,12690.891125529044
2018-11-15,0.008323978040708946,0.2604186182878764,12796.529824574976
2018-11-16,0.004901334604458851,0.26531995289233523,12859.249899021155
2018-11-19,-0.015573832794492315,0.24974612009784292,12658.982091231208
2018-11-20,-0.02205656694638558,0.22768955315145734,12379.76840526287
2018-11-21,-3.8877865067177275e-05,0.22765067528639016,12379.287106297248
2018-11-23,-0.007306049591083941,0.22034462569530622,12288.843420796375
2018-11-26,0.01458831246140746,0.23493293815671368,12468.116908408263
2018-11-27,0.004402969830775039,0.23933590798748872,12523.01365100256
2018-11-28,0.024958824434649918,0.26429473242213863,12835.573350110657
2018-11-29,-0.001087651833146852,0.2632070805889918,12821.612715226918
2018-11-30,0.00787806762191745,0.27108514821090923,12922.622247219513
2018-12-03,0.011275885054496504,0.28236103326540574,13068.33625028184
2018-12-04,-0.030951214886155598,0.25140981837925014,12663.855366794829
2018-12-06,-0.0031725803153772603,0.24823723806387288,12623.678268541351
2018-12-07,-0.022395706888645894,0.22584153117522698,12340.96207018253
2018-12-10,0.0014068070980532976,0.22724833827328028,12358.323423219668
2018-12-11,-0.0021708621927947203,0.22507747608048556,12331.495206133872
2018-12-12,0.006443485799270343,0.2315209618797559,12410.953020378365
2018-12-13,0.0028585052256091537,0.23437946710536506,12446.429794441907
2018-12-14,-0.020200162634820717,0.21417930447054434,12195.009888371302
2018-12-17,-0.02105886148511671,0.19312044298542763,11938.196864322463
2018-12-18,0.003503591093947822,0.19662403407937545,11980.023424534098
2018-12-19,-0.014866776968152307,0.18175725711122315,11801.91908820831
2018-12-20,-0.019896557562842365,0.16186069954838078,11567.101525717764
2018-12-21,-0.018120635349191283,0.1437400641991895,11357.498296923159
2018-12-24,-0.029100431264139637,0.11463963293504986,11026.990198400963
2018-12-26,0.04984581817999301,0.16448545111504287,11576.639546903023
2018-12-27,0.011380626862445453,0.17586607797748832,11708.388961907356
2018-12-28,-0.0033026714777553146,0.172563406499733,11669.7199996324
2018-12-31,0.011493189884204336,0.18405659638393734,11803.842307483672
2019-01-02,0.0008050296140378332,0.18486162599797518,11813.344750100629
2019-01-03,-0.028270913201612125,0.15659071279636305,11479.370706049813
2019-01-04,0.032924807657456645,0.1895155204538197,11857.326778575145
2019-01-07,0.004190192550654004,0.1937057130044737,11907.011260913401
2019-01-08,0.010883337064227172,0.20458905006870087,12036.59927789347
2019-01-09,0.003853709619388024,0.2084427596880889,12082.984836315407
2019-01-10,0.005142600969777034,0.21358536065786593,12145.122805852443
2019-01-11,-0.0002487593969330293,0.2133366012609329,12142.101592427582
2019-01-14,-0.0035884963005637927,0.2097481049603691,12098.529705782086
2019-01-15,0.0065140545071744604,0.21626215946754357,12177.34018774222
2019-01-16,0.005882686168058537,0.2221448456356021,12248.975658428395
2019-01-17,0.00673104371075639,0.2288758893463585,12331.424048997267
2019-01-18,0.013797645696558725,0.24267353504291722,12501.568668959355
2019-01-22,-0.012218281753385907,0.23045525328953131,12348.820980602708
2019-01-23,0.007012592302226839,0.23746784559175815,12435.41822755286
2019-01-24,-0.00091061413842497,0.23655723145333318,12424.094359897623
2019-01-25,0.007492248787492217,0.2440494802408254,12517.178765801254
2019-01-28,-0.008447945694135095,0.2356015345466903,12411.434319343985
2019-01-29,0.002109416537026121,0.23771095108371643,12437.615204145422
2019-01-30,0.017693211091987626,0.25540416217570405,12657.676555433281
2019-01-31,-0.000607217210270683,0.25479694496543337,12649.990596386782
2019-02-01,0.00256886204200657,0.25736580700743994,12682.48667706158
2019-02-04,0.007001248060425569,0.2643670550678655,12771.27991231073
2019-02-05,0.006820708935545872,0.2711877640034114,12858.389095326986
2019-02-06,-0.0008350051626745403,0.27035275884073684,12847.652274048709
2019-02-07,-0.008695111029879299,0.26165764781085754,12735.940511052575
2019-02-08,-0.0025109416232844683,0.2591467061875731,12703.961307911699
2019-02-11,-0.0021198121334097264,0.25702689405416335,12677.03129658882
2019-02-12,0.01487441678584056,0.2719013108400039,12865.594743701427
2019-02-13,0.004621681582308801,0.2765229924223127,12925.055425973842
2019-02-14,-0.004066781902094085,0.2724562105202186,12872.492044483928
2019-02-15,0.0174477204089869,0.2899039309292055,13097.087686642992
2019-02-19,0.00031179672181824714,0.29021572765102377,13101.171315649053
2019-02-20,0.002437849436149664,0.29265357708717343,13133.10999875381
2019-02-21,-0.003999646917340782,0.28865393016983265,13080.582195832196
2019-02-22,0.007008714351522061,0.2956626445213547,13172.26025999439
2019-02-25,0.0023101993526999376,0.29797284387405465,13202.690807120624
2019-02-26,-0.0013018862529284858,0.29667095762112616,13185.502405457168
2019-02-27,-0.002794549354556808,0.29387640826656936,13148.65486822049
2019-02-28,-0.002661525110260521,0.29121488315630883,13113.659393122573
2019-03-01,0.004256841815866608,0.29547172497217544,13169.482166786249
2019-03-04,-0.007940804516101352,0.2875309204560741,13064.905883321517
2019-03-05,-0.000504248936489371,0.2870266715195847,13058.317918424518
2019-03-06,-0.0051602986302500264,0.2818663728893347,12990.933098356703
2019-03-07,-0.0077991225739858505,0.27406725031534884,12889.61521877217
2019-03-08,-0.0009025252766116099,0.27316472503873723,12877.98201523143
2019-03-11,0.00788364365728067,0.2810483686960179,12979.507436464384
2019-03-12,-0.0037511656481704625,0.27729720304784744,12930.819154038545
2019-03-13,0.0058005259253564034,0.28309772897320384,13005.82470577764
2019-03-14,0.0002742426222730465,0.2833719715954769,13009.391457249776
2019-03-15,0.0054037345266138015,0.2887757061220907,13079.69075503755
2019-03-18,0.0025235327857140444,0.29129923890780474,13112.69778348489
2019-03-19,-0.0010310506790802698,0.29026818822872447,13099.177927530653
2019-03-20,-0.00547413190503121,0.28479405632369326,13027.471299707877
2019-03-21,0.008422381099734366,0.2932164374234276,13137.193627759869
2019-03-22,-0.017725152817633316,0.2754912846057943,12904.334863112987
2019-03-25,0.0005689586456134599,0.27606024325140777,12911.676895999246
2019-03-26,0.005521861069482492,0.28158210432089026,12982.973381993
2019-03-27,-0.0012526682762976638,0.2803294360445926,12966.710023105361
2019-03-28,0.0035851308910419544,0.28391456693563455,13013.19737576438
2019-03-29,0.008213048345375729,0.2921276152810103,13120.07539493945
2019-04-01,0.012717201120501453,0.30484481640151173,13286.926032453037
2019-04-02,-0.003019567161158365,0.30182524924035337,13246.8052669327
2019-04-03,0.001489736241034656,0.303314985481388,13266.539512816778
2019-04-04,0.00635056712826132,0.30966555260964934,13350.789562552653
2019-04-05,0.0015296547150918105,0.31119520732474115,13371.21166075721
2019-04-08,-0.0031777004411440712,0.3080175068835971,13328.721955564191
2019-04-09,-0.0072297677354162815,0.3007877391481808,13232.358391615518
2019-04-10,0.0002516226449027492,0.30103936179308355,13235.687952632317
2019-04-11,-0.0005394077535832986,0.30049995403950025,13228.548519926659
2019-04-12,0.010299104043094642,0.3107990580825949,13364.79071747251
2019-04-15,-0.0010423647007512526,0.30975669338184364,13350.859731395689
2019-04-16,0.00257309903425873,0.31232979241610237,13385.212815677067
2019-04-17,-0.00011798789730654846,0.3122118045187958,13383.633522561944
2019-04-18,0.004158862645585959,0.3163706671643818,13439.29421608114
2019-04-22,-0.0018256446821571792,0.3145450224822246,13414.758840063605
2019-04-23,0.005482236254958028,0.32002725873718263,13488.30171732812
2019-04-24,-0.0022261019724983955,0.31780115676468423,13458.275382269523
2019-04-25,-0.005074649224648287,0.31272650754003595,13389.979355535786
2019-04-26,0.003070431340246982,0.31579693888028293,13431.092367794283
2019-04-29,0.000416697785939002,0.31621363666622193,13436.689074246686
2019-04-30,0.00145058991539182,0.31766422658161375,13456.180199914044
2019-05-01,-0.006120786716971804,0.31154343986464195,13373.817790885232
2019-05-02,-0.0046292437197352765,0.30691419614490667,13311.907128867893
2019-05-03,0.007494364341359194,0.31440856048626586,13411.671410969966
2019-05-06,-0.0025077863553489843,0.3119007741309169,13378.037804403111
2019-05-07,-0.017905364325288775,0.2939954098056281,13138.499163557788
2019-05-08,8.627870685140593e-05,0.2940816885124795,13139.632736275587
2019-05-09,-0.0053517517090472255,0.2887299368034323,13069.312684322971
2019-05-10,0.004414131148235301,0.2931440679516676,13127.002344528868
2019-05-13,-0.023798092722503217,0.26934597522916437,12814.604725565252
2019-05-14,0.00817613530977579,0.27752211053894016,12919.378667742765
2019-05-15,0.004542085200816004,0.28206419573975616,12978.059586393258
2019-05-16,0.00836946322457588,0.29043365896433204,13086.678978827931
2019-05-17,-0.0038155244813125044,0.28661813448301954,13036.746434805136
2019-05-20,-0.0032642295208430427,0.2833539049621765,12994.1915022369
2019-05-21,0.007688101764291799,0.2910420067264683,13094.092168850791
2019-05-22,-0.003892237059268444,0.28714976966719985,13043.126858053714
2019-05-23,-0.0111007102490569,0.27604905941814295,12898.338886060768
2019-05-24,0.0037354645627758476,0.2797845239809188,12946.520173888322
2019-05-28,-0.00929894511191065,0.27048557886900815,12826.131193401092
2019-05-29,-0.0087328936270743,0.26175268524193385,12714.12195404222
2019-05-30,0.0017300801369823926,0.26348276537891624,12736.118403894081
2019-05-31,-0.014097873520240833,0.2493848918586754,12556.566217497171
2019-06-03,0.00019102264409331937,0.24957591450276873,12558.96480597677
2019-06-04,0.020644840733516023,0.27022075523628475,12818.242634173994
2019-06-05,0.008186844857346998,0.27840760009363175,12923.183597963807
2019-06-06,0.007090559533077467,0.2854981596267092,13014.81620062206
2019-06-07,0.010236101844805168,0.2957342614715144,13148.037184743047
2019-06-10,0.0030303424358359976,0.2987646039073504,13187.880239771923
2019-06-11,-0.0005436862995249481,0.29822091760782543,13180.710169965783
2019-06-12,-0.0016768593632807693,0.29654405824454466,13158.607972702586
2019-06-13,0.003920019966242805,0.30046407821078747,13210.189978683542
2019-06-14,-0.0006573067659504384,0.29980677144483703,13201.506831431063
2019-06-17,0.0008785076673842873,0.3006852791122213,13213.104456403502
2019-06-18,0.01351878868613654,0.31420406779835786,13391.72962343747
2019-06-19,0.0014532459516192198,0.3156573137499771,13411.191100297909
2019-06-20,0.00940121950931938,0.32505853325929646,13537.27265171324
2019-06-21,-0.0012723375435285122,0.32378619571576794,13520.048671481483
2019-06-24,0.0003146884967648589,0.3241008842125328,13524.3032752741
2019-06-25,-0.006709123460849842,0.31739176075168296,13433.567054878311
2019-06-26,-0.0004294220223827194,0.31696233872930024,13427.798385345792
2019-06-27,-0.0003858877685574136,0.31657645096074283,13422.616762190231
2019-06-28,0.002766314359366362,0.3193427653201092,13459.74793967975
2019-07-01,0.004416124906198471,0.32375889022630766,13519.187867787323
2019-07-02,0.002591940946789384,0.32635083117309704,13554.228804389179
2019-07-03,0.006694383723253372,0.3330452148963504,13644.966013078534
2019-07-05,-0.0016272661638729868,0.33141794873247743,13622.762021578255
2019-07-08,-0.004307926691030417,0.327110022041447,13564.076161459943
2019-07-09,-0.0008449702231240197,0.326265051818323,13552.614920999324
2019-07-10,0.002864039888145209,0.3291290917064682,13591.430150721737
2019-07-11,0.008483960134440416,0.3376130518409086,13706.73930229049
2019-07-12,0.009005777376854374,0.346618829217763,13830.179145009499
2019-07-15,0.00099263977366304,0.34761146899142603,13843.90753090572
2019-07-16,-0.0008600153199375127,0.3467514536714885,13832.001558341344
2019-07-17,-0.004235543368127259,0.34251591030336126,13773.415515872986
2019-07-18,0.00011466241712532188,0.3426305727204866,13774.994808988107
2019-07-19,-0.0025262299667796473,0.34010434275370693,13740.196004309408
2019-07-22,0.0006518760406963864,0.3407562187944033,13749.152908879088
2019-07-23,0.006524720757520752,0.3472809395519241,13838.862292261978
2019-07-24,-0.0028965666472776652,0.3443843729046464,13798.777105309944
2019-07-25,-0.0047301200202689575,0.33965425288437745,13733.507233468888
2019-07-26,0.0018963482199643167,0.34155060110434177,13759.550745464945
2019-07-29,0.0010628093994957677,0.34261341050383753,13774.174525330065
2019-07-30,-0.0008570507509652048,0.34175635975287233,13762.369358709206
2019-07-31,-0.012271114064629884,0.32948524568824245,13593.489754508917
2019-08-01,-0.010454392182460026,0.3190308535057824,13451.378081487028
2019-08-02,-0.0037019373932779542,0.31532891611250446,13401.581921976052
2019-08-05,-0.02896995462866858,0.2863589614838359,13013.338701744022
2019-08-06,0.012123121784170854,0.29848208326800674,13171.100991643929
2019-08-07,-0.0008624522908711185,0.2976196309771356,13159.741545420391
2019-08-08,0.014269932605466273,0.3118895635826019,13347.530170378895
2019-08-09,-0.003440342263113516,0.3084492213194884,13301.610098225558
2019-08-12,-0.014874023797457281,0.2935751975220311,13103.761633080052
2019-08-13,0.01480785433144649,0.3083830518534776,13297.8002265367
2019-08-14,-0.030460158714987973,0.2779228931384896,12892.747121076189
2019-08-15,0.003923586307362115,0.2818464794458517,12943.332927144726
2019-08-16,0.011986960327558638,0.29383343977341037,13098.484145448792
2019-08-19,0.009649200442112704,0.30348264021552307,13224.874044456063
2019-08-20,-0.0066326526036945,0.29684998761182857,13137.15804919157
2019-08-21,0.009255332730148336,0.3061053203419769,13258.746818065385
2019-08-22,0.0018894887952247696,0.3079948091372017,13283.799071616842
2019-08-23,-0.023744253373614632,0.28425055576358704,12968.385180696185
2019-08-26,0.010532238347562561,0.2947827941111496,13104.971304402276
2019-08-27,-0.004669310819647499,0.2901134832915021,13043.78012009946
2019-08-28,0.010016301360366242,0.30012978465186835,13174.43055266073
2019-08-29,0.012526852927984722,0.31265663757985307,13339.46470660386
2019-08-30,0.0015563655179280378,0.3142130030977811,13360.225789500835
2019-09-03,-0.010803952131005268,0.30340905096677584,13215.882549611646
2019-09-04,0.009091469266683472,0.3125005202334593,13336.034339643538
2019-09-05,0.014140505844041362,0.3266410260775007,13524.612611159604
2019-09-06,0.00259316660008424,0.3292341926775849,13559.68418486194
2019-09-09,0.0014198669125311536,0.33065405959011607,13578.937131780398
2019-09-10,0.002754556277134279,0.33340861586725035,13616.341078293555
2019-09-11,0.008458350014966198,0.34186696588221654,13731.512857056925
2019-09-12,0.0016733644427977534,0.3435403303250143,13754.490682417745
2019-09-13,0.001363759100649009,0.3449040894256633,13773.248494260684
2019-09-16,-0.005242532609224471,0.33966155681643884,13701.04178989457
2019-09-17,0.001254965256548779,0.3409165220729876,13718.23612131941
2019-09-18,0.0013381861040449028,0.3422547081770325,13736.593674268966
2019-09-19,-0.0019262114184845913,0.3403284967585479,13710.134090682506
2019-09-20,-0.005894814299220896,0.33443368245932703,13629.315396200514
2019-09-23,0.000553921771946353,0.3349876042312734,13636.864970735194
2019-09-24,-0.005277207965129316,0.32971039626614407,13564.900398292237
2019-09-25,0.006078141117263014,0.3357885373834071,13647.349777154674
2019-09-26,-0.0029510455641840183,0.33283749181922306,13607.075826131933
2019-09-27,-0.002635410607286226,0.33020208121193684,13571.215594165596
2019-09-30,0.0036010133434625224,0.33380309455539936,13620.085722607193
2019-10-01,-0.012772344092047971,0.3210307504633514,13446.125301194865
2019-10-02,-0.01860607364901401,0.3024246768143374,13195.945703546962
2019-10-03,0.004694263956801947,0.3071189407711393,13257.890955839039
2019-10-04,0.014223925995301423,0.32134286676644075,13446.47021564867
2019-10-07,-0.0036013463430337733,0.317741520423407,13398.04481931083
2019-10-08,-0.0118581553419973,0.3058833650814097,13239.1687225644
2019-10-09,0.006954992793364756,0.31283835787477443,13331.247045619975
2019-10-10,0.005718518955632357,0.3185568768304068,13407.482034552571
2019-10-11,0.012073967136937425,0.3306308439673442,13569.363532026839
2019-10-14,-0.0010900143873742163,0.32954082957997,13554.572730549418
2019-10-15,0.008863934773339244,0.33840476435330924,13674.71957911349
2019-10-16,-0.0008444211183911143,0.3375603432349181,13663.172357112811
2019-10-17,0.000885134727530934,0.33844547796244906,13675.266105454333
2019-10-18,-0.009460621911100642,0.3289848560513484,13545.88958329694
2019-10-21,0.002145722031450914,0.33113057808279933,13574.95529701142
2019-10-22,-0.0014738909089214713,0.32965668717387786,13554.947293810139
2019-10-23,0.0017115663314524188,0.3313682535053303,13578.147485222837
2019-10-24,-0.0010591032144885437,0.33030915029084174,13563.766825574437
2019-10-25,0.005690290548292953,0.3359994408391347,13640.948599741254
2019-10-28,0.004920982947542951,0.34092042378667764,13708.07547518889
2019-10-29,-0.0007109358896745244,0.3402094878970031,13698.329912355211
2019-10-30,0.00425645722966439,0.3444659451266675,13756.636267744983
2019-10-31,-0.005166461500109354,0.33929948362655815,13685.56313609667
2019-11-01,0.011133858620258952,0.3504333422468171,13837.936261192599
2019-11-04,0.004196017554254361,0.35462935980107146,13896.000484659216
2019-11-05,0.0011114034962946828,0.35574076329736615,13911.444548182379
2019-11-06,-2.5575035128566626e-06,0.3557382057938533,13911.408969614078
2019-11-07,0.006628710849405195,0.3623669166432585,14003.623677181471
2019-11-08,0.00023268290803235558,0.36259959955129084,14006.882081061669
2019-11-11,0.000370286877076742,0.3629698864283676,14012.068645685047
2019-11-12,0.0,0.3629698864283676,14012.068645685047
2019-11-13,0.003325917406231671,0.36629580383459925,14058.671628691043
2019-11-14,-5.862835793213339e-05,0.3662371754766671,14057.847391858746
2019-11-15,0.008024260346543466,0.3742614358232106,14170.651219242998
2019-11-18,0.0011187359573914257,0.375380171780602,14186.504436301619
2019-11-19,-0.003645326271226268,0.37173484550937574,14134.7899989831
2019-11-20,-0.004042729596206662,0.3676921159131691,14077.646865118046
2019-11-21,-0.0019697568124675824,0.3657223591007015,14049.917324301967
2019-11-22,0.003937511342581912,0.3696598704432834,14105.239033128744
2019-11-25,0.0068465407543849555,0.37650641119766837,14201.811127019402
2019-11-26,0.0019670796858990425,0.3784734908835674,14229.747221190337
2019-11-27,0.0015048998840141437,0.37997839076758155,14251.161566133056
2019-11-29,-0.003997651035009264,0.3759807397325723,14194.19039534812
2019-12-02,-0.009567115957990646,0.36641362377458164,14058.392929906027
2019-12-03,-0.010086316151181496,0.35632730762340015,13916.59553423746
2019-12-04,0.005343772039207106,0.36167107966260725,13990.962648334273
2019-12-05,0.0010130195009609988,0.36268409916356825,14005.135766334251
2019-12-06,0.012185636779491249,0.3748697359430595,14175.797263830262
2019-12-09,-0.0037644372505831747,0.3711052986924763,14122.433364553584
2019-12-10,-0.000998900257982771,0.37010639843449356,14108.326462222387
2019-12-11,0.0010609129343184254,0.371167311368812,14123.294168247745
2019-12-12,0.00790898287865871,0.3790762942474707,14234.995060014677
2019-12-13,0.00011837310229867448,0.37919466734976937,14236.680100541136
2019-12-16,0.003572362006662111,0.3827670293564315,14287.538675633312
2019-12-17,0.001107439169009794,0.38387446852544127,14303.36125559145
2019-12-18,-0.0009863339373635815,0.3828881345880777,14289.25336496669
2019-12-19,0.004875536630293498,0.3877636712183712,14358.921143167128
2019-12-20,0.0027532513584551666,0.39051692257682635,14398.454862310504
2019-12-23,0.0033891811150328355,0.3939061036918592,14447.2538336155
2019-12-24,-0.0012636828573995285,0.39264242083445966,14428.997086609459
2019-12-26,0.0037152283815449216,0.3963576492160046,14482.604106102859
2019-12-27,0.0008339615966861391,0.3971916108126907,14494.682041747357
2019-12-30,-0.006392650725574711,0.390798960087116,14402.022602076206
2019-12-31,0.0026807129207275793,0.3934796730078436,14440.630290150202
2020-01-02,0.011576012369829414,0.405055685377673,14607.795205017113
2020-01-03,-0.008102862451665471,0.39695282292600753,14489.43024974876
2020-01-06,0.002392187358362108,0.39934501028436964,14524.09168162208
2020-01-07,-0.00417028128015462,0.395174729004215,14463.522133970962
2020-01-08,0.005646934125160374,0.4008216631293754,14545.196690679295
2020-01-09,0.007368581835240029,0.4081902449646154,14652.374162804228
2020-01-10,-0.0045975521405634545,0.40359269282405197,14585.00910860769
2020-01-13,0.0028893254197619456,0.4064820182438139,14627.149946172649
2020-01-14,0.0011284146858094868,0.4076104329296234,14643.655436983448
2020-01-15,0.0031289500362114975,0.4107393829658349,14689.474703193266
2020-01-16,0.009211777086014727,0.4199511600518496,14824.790869669734
2020-01-17,0.0017222883241985176,0.42167344837604814,14850.32343389325
2020-01-21,-0.005181274048368878,0.41649217432767927,14773.379838475335
2020-01-22,-0.0003346183785096768,0.4161575559491696,14768.436394068678
2020-01-23,-0.0008969864227412749,0.4152605695264283,14755.18930713808
2020-01-24,-0.005842210223385602,0.4094183593030427,14668.986389319927
2020-01-27,-0.01565829278714137,0.39376006651590134,14439.295105545363
2020-01-28,0.006554882743921686,0.400314949259823,14533.942991867096
2020-01-29,0.0004038460505400021,0.40071879531036303,14539.812467343136
2020-01-30,0.004349839226897023,0.40506863453726005,14603.058313965312
2020-01-31,-0.020908588929112404,0.38416004560814765,14297.728970570754
2020-02-03,0.005088515746120903,0.38924856135426855,14370.483189571272
2020-02-04,0.014359965952127629,0.4036085273063962,14576.842838889139
2020-02-05,0.01677398437791844,0.4203825116843146,14821.354572948037
2020-02-06,0.003035757687497753,0.4234182693718124,14866.348614031995
2020-02-07,-0.009437098045649739,0.41398117132616263,14726.053424580565
2020-02-10,0.005989536582198474,0.4199707079083611,14814.255660278499
2020-02-11,-1.6411234036728395e-05,0.4199542966743244,14814.012540061778
2020-02-12,0.009395985959758768,0.42935028263408315,14953.20479389589
2020-02-13,-0.004335134329879309,0.42501514830420384,14888.380642452155
2020-02-14,-0.0008574993187733249,0.4241576489854305,14875.613866193615
2020-02-18,-0.005642906766671452,0.41851474221875906,14791.67216404968
2020-02-19,0.003962749486683403,0.42247749170544246,14850.287855324957
2020-02-20,-0.00436311504359288,0.4181143766618496,14785.494340981704
2020-02-21,-0.007788174695851691,0.4103262019659979,14670.342328089611
2020-02-24,-0.03558204955849842,0.3747441524074995,14148.34148033139
2020-02-25,-0.031452654490487175,0.3432914979170123,13703.338584137098
2020-02-26,-0.00457028502654333,0.33872121289046897,13640.710420992364
2020-02-27,-0.044178623743921785,0.2945425891465472,13038.082607703549
2020-02-28,-0.013866039240418071,0.2806765499061291,12857.29604264532
2020-03-02,0.0509245793411508,0.3316011292472799,13512.048435081675
2020-03-03,-0.029431177361195382,0.30216995188608453,13114.372941075724
2020-03-04,0.04527648448188115,0.3474464363679657,13708.145644031942
2020-03-05,-0.035789934335554885,0.3116565020324108,13217.532011569816
2020-03-06,-0.009819580315527876,0.3018369217168829,13087.741394409146
2020-03-09,-0.07785721820824909,0.22397970350863383,12068.7662568115
2020-03-10,0.04893462199679943,0.27291432550543326,12659.346771556298
2020-03-11,-0.058555043375522975,0.2143592821299103,11918.078172242032
2020-03-12,-0.09988449529485621,0.11447478683505408,10727.646949122995
2020-03-13,0.09362934105053133,0.2081041278855854,11732.069463992124
2020-03-16,-0.12926545507355425,0.07883867281203116,10215.518165774633
2020-03-17,0.05195335529687828,0.13079202810890944,10746.248610582836
2020-03-18,-0.0630238232465069,0.06776820486240254,10068.978937586442
2020-03-19,0.009461293979229124,0.07722949884163166,10164.244507385614
2020-03-20,-0.045462257749200985,0.031767241092430676,9702.155003764949
2020-03-23,-0.030356283203617163,0.0014109578888135133,9407.633638785268
2020-03-24,0.1136504119941153,0.11506136988292881,10476.815077722911
2020-03-25,0.02393831324355622,0.13899968312648503,10727.612358848255
2020-03-26,0.0637539634970421,0.20275364662352713,11411.540165584684
2020-03-27,-0.04058991343942009,0.16216373318410704,10948.346738053137
2020-03-30,0.03192255013548895,0.194086283319596,11297.845885699355
2020-03-31,-0.018377367436253844,0.17570891588334214,11090.22122061969
2020-04-01,-0.04442411259870038,0.13128480328464176,10597.547984370383
2020-04-02,0.02243796253631314,0.1537227658209549,10835.335369020468
2020-04-03,-0.01685437582505367,0.13686838999590123,10652.7125545205
2020-04-06,0.07730477010862424,0.21417316010452547,11476.218049580963
2020-04-07,-0.001152154789528681,0.2130210053149968,11462.995669989463
2020-04-08,0.034418459327087536,0.24743946464208433,11857.534320223576
2020-04-09,0.012196128217497826,0.25963559285958215,12002.150329136404
2020-04-13,-0.013853640348814977,0.24578195251076718,11835.876855064138
2020-04-14,0.02389789842647927,0.26967985093724645,12118.729437934777
2020-04-15,-0.01859768785193805,0.2510821630853084,11893.349090685973
2020-04-16,0.0014180387323590171,0.2525002018176674,11910.214320354033
2020-04-17,0.029943926344162985,0.2824441281618304,12266.85290070591
2020-04-20,-0.0244220282456995,0.2580220999161309,11967.27147267903
2020-04-21,-0.026703884086456187,0.2313182158296747,11647.698842441454
2020-04-22,0.01985063721892022,0.25116885304859493,11878.913086597997
2020-04-23,0.0016800031947765692,0.2528488562433715,11898.869698533954
2020-04-24,0.011057065421198775,0.2639059216645703,12030.436279228963
2020-04-27,0.01507910415710656,0.27898502582167684,12211.84448093889
2020-04-28,-0.001335411053053459,0.2776496147686234,12195.536648840874
2020-04-29,0.02208607232710169,0.29973568709572507,12464.888153334994
2020-04-30,-0.011696854621465524,0.28803883247425954,12319.088168732607
2020-05-01,-0.02554992138393164,0.2624889110903279,12004.336434499766
2020-05-04,0.0010989147599285154,0.2635878258502564,12017.528176990785
2020-05-05,0.005613954812207389,0.2692017806624638,12084.99403713084
2020-05-06,-0.009146606246476341,0.26005517441598747,11974.45735518219
2020-05-07,0.00892682053987448,0.26898199495586195,12081.351187054282
2020-05-08,0.019074877442398996,0.28805687239826094,12311.801480285925
2020-05-11,-0.004493388633284856,0.2835634837649761,12256.47977145915
2020-05-12,-0.018875861689149787,0.2646876220758263,12025.128154497224
2020-05-13,-0.021746829090811715,0.2429407929850146,11763.619747726265
2020-05-14,0.016232347564610228,0.2591731405496248,11954.57091208927
2020-05-15,0.002543035508583147,0.26171617605820796,11984.971810408588
2020-05-18,0.03850255649923073,0.3002187325574387,12446.423864680532
2020-05-19,-0.015876078591674836,0.28434265396576386,12248.823461219567
2020-05-20,0.015245307534860641,0.2995879615006245,12435.560541826075
2020-05-21,-0.004141506450718979,0.2954464550499055,12384.058587623796
2020-05-22,-0.0003660595228585084,0.295080395527047,12379.525285046158
2020-05-26,0.021661383590600325,0.31674177911764734,12647.68293091508
2020-05-27,0.022130735575146998,0.33887251469279434,12927.585457497462
2020-05-28,-0.005778430749269536,0.3330940839435248,12852.884300176049
2020-05-29,-0.0006901892853342639,0.33240389465819054,12844.013377146426
2020-06-01,0.0036209179455579665,0.3360248126037485,12890.520495676723
2020-06-02,0.010505619398905708,0.3465304320026542,13025.943397858096
2020-06-03,0.02048119468564935,0.36701162668830356,13292.730280553877
2020-06-04,0.00045412018155288614,0.36746574686985645,13298.766777642215
2020-06-05,0.031548810028795504,0.39901455689865195,13718.327044327307
2020-06-08,0.017021110133103035,0.416035667031755,13951.828199790727
2020-06-09,-0.0108854594598079,0.4051502075719471,13799.9561395317
2020-06-10,-0.010351548596482574,0.3947986589754645,13657.105222924009
2020-06-11,-0.0689818816654757,0.3258167773099888,12715.012406543314
2020-06-12,0.01899736996801482,0.34481414727800364,12956.564201378316
2020-06-15,0.0061557420589843925,0.35096988933698803,13036.321468572673
2020-06-16,0.020448590518589604,0.37141847985557763,13302.895868152214
2020-06-17,-0.0064804572202902255,0.3649380226352874,13216.68702057268
2020-06-18,-0.0015126476455967763,0.36342537498969063,13196.69483006842
2020-06-19,-0.007999918520249838,0.3554254564694408,13091.12234669127
2020-06-22,0.005933178662419714,0.3613586351318605,13168.794314465786
2020-06-23,0.005038957491230622,0.36639759262309113,13235.151309227138
2020-06-24,-0.027150843086538035,0.3392467495365531,12875.805792803723
2020-06-25,0.01177634477996059,0.3510230943165137,13027.435721139595
2020-06-26,-0.02835625657206131,0.3226668377444524,12658.026411354924
2020-06-29,0.023195571629584855,0.3458624093740372,12951.636569668684
2020-06-30,0.008481081720405514,0.35434349109444274,13061.480457829037
2020-07-01,-0.003018266603965869,0.3513252244904769,13022.057427564818
2020-07-02,0.0035900049368924325,0.3549152294273693,13068.806678018273
2020-07-06,0.017797790134129743,0.37271301956149905,13301.402556577155
2020-07-07,-0.015096784231232174,0.3576162353302669,13100.59415220775
2020-07-08,0.006840416386159953,0.3644566517164268,13190.207671114944
2020-07-09,-0.013856047231146973,0.35060060448527985,13007.443530635339
2020-07-10,0.014362780949735532,0.3649633854350154,13194.266592781909
2020-07-13,0.00040267991875087006,0.36536606535376626,13199.579658981467
2020-07-14,0.021344526363944683,0.38671059171771094,13481.318435005585
2020-07-15,0.008539326205120101,0.39524991792283104,13596.439810797197
2020-07-16,-0.005038636768870175,0.39021128115396086,13527.932289240784
2020-07-17,-0.0023475742414692524,0.3878637069124916,13496.174463858222
2020-07-20,0.00033443082100381716,0.38819813773349543,13500.688000564582
2020-07-21,0.005979237376382729,0.39417737510987816,13581.411818864439
2020-07-22,0.0061638221009097105,0.40034119721078787,13665.125225195112
2020-07-23,-0.013090123013034693,0.3872510741977532,13486.247055008784
2020-07-24,-0.006845159601063799,0.3804059145966894,13393.931541497872
2020-07-27,0.0043399841683327,0.3847458987650221,13452.060992339704
2020-07-28,-0.007729622562025584,0.3770162762029965,13348.08163818757
2020-07-29,0.006076398593800381,0.3830926747967969,13429.189902683785
2020-07-30,-0.008512568938186305,0.37458010585861057,13314.872997853194
2020-07-31,0.0043578112566189375,0.3789379171152295,13372.89670128369
2020-08-03,0.008932844589950806,0.3878707617051803,13492.354709233723
2020-08-04,0.006153159647185769,0.3940239213523661,13575.375321776097
2020-08-05,0.013904960601483163,0.40792888195384924,13764.14038077574
2020-08-06,0.006818035929461175,0.4147469178833104,13857.984784430017
2020-08-07,0.0016978870691151116,0.41644480495242553,13881.514077599495
2020-08-10,0.013048252655464498,0.42949305760789,14062.6435805244
2020-08-11,-0.0037612048505549778,0.42573185275733505,14009.751097277705
2020-08-12,0.010471724214215161,0.4362035769715502,14156.457347078196
2020-08-13,-0.002863766639565557,0.43333981033198465,14115.916556793201
2020-08-14,0.0012294931898988448,0.4345693035218835,14133.27198006896
2020-08-17,-0.0030829298910359793,0.4314863736308475,14089.700093423464
2020-08-18,-0.0024004330908209415,0.4290859405400266,14055.878711079467
2020-08-19,-0.003066788015388733,0.42601915252463785,14012.77231070257
2020-08-20,0.0016917564341862867,0.42771090895882413,14036.478508419988
2020-08-21,0.006870997163787029,0.43458190612261116,14132.9231124409
2020-08-24,0.013538359851720916,0.4481202659743321,14324.259711293827
2020-08-25,-0.002120266605362797,0.4459999993689693,14293.888461781427
2020-08-26,0.002955224089052022,0.4489552234580213,14336.130105289907
2020-08-27,0.0056596803117177075,0.454614903769739,14417.26801859304
2020-08-28,0.005671700150027048,0.46028660391976606,14499.038439777074
2020-08-31,-0.007811104262274826,0.45247549965749123,14385.784938821245
2020-09-01,0.007583854726780803,0.46005935438427203,14494.884641927976
2020-09-02,0.01587814144512789,0.4759374958293999,14725.03647050332
2020-09-03,-0.027757926195426164,0.44817956963397376,14316.29999493013
2020-09-04,-0.005634660184215323,0.44254490944975844,14235.632509363415
2020-09-08,-0.022479399316382542,0.4200655101333759,13915.624041664158
2020-09-09,0.01598421244311976,0.43604972257649566,14138.054332624703
2020-09-10,-0.014526978779731303,0.42152274379676435,13932.671117347974
2020-09-11,0.004759852756175631,0.42628259655294,13998.988580366771
2020-09-14,0.01184463636923283,0.4381272329221728,14164.801509638259
2020-09-15,8.107400025880729e-05,0.4382083069224316,14165.949906759517
2020-09-16,0.0013138225475863852,0.439522129470018,14184.561451154997
2020-09-17,-0.004651777217181685,0.4348703522528363,14118.578031360801
2020-09-18,-0.008764988820378017,0.4261053634324583,13994.828852756289
2020-09-21,-0.01842979947387824,0.40767556395858007,13736.906963328745
2020-09-22,0.0051746730954265185,0.4128502370540066,13807.99096620626
2020-09-23,-0.019240888697515834,0.39360934835649075,13542.312948889181
2020-09-24,0.0019545020358362475,0.395563850392327,13568.781427117716
2020-09-25,0.013369964904051512,0.4089338152963785,13750.195558589026
2020-09-28,0.015091639025986314,0.4240254543223648,13957.708546495973
2020-09-29,-0.004763634795598826,0.419261819526766,13891.219120397058
2020-09-30,0.011985689569871782,0.4312475090966378,14057.714960521203
2020-10-01,0.001267063313796335,0.4325145724104341,14075.526975423485
2020-10-02,-0.004820445192203815,0.4276941272182303,14007.67666908707
2020-10-05,0.016827412712889567,0.44452153993111987,14243.389625546512
2020-10-06,-0.01335342847928378,0.4311681114518361,14053.191540879203
2020-10-07,0.01910869414323968,0.45027680559507577,14321.729679770227
2020-10-08,0.00431215208608271,0.4545889576811585,14383.487156285162
2020-10-09,0.0056776686269024434,0.4602666263080609,14465.151830057857
2020-10-12,0.008766922513473663,0.4690335488215346,14591.966695297606
2020-10-13,-0.005468881753303956,0.46356466706823063,14512.164954892874
2020-10-14,-0.00578143801208153,0.4577832290561491,14428.26377278506
2020-10-15,-0.000694423134249833,0.45708880592189927,14418.244452634179
2020-10-16,0.003934531630958249,0.4610233375528575,14474.973491495955
2020-10-19,-0.01436363575535915,0.44665970179749837,14267.060244695629
2020-10-20,0.0040208353320903,0.45068053712958867,14324.425744612563
2020-10-21,-0.0034607184992514473,0.4472198186303372,14274.852939447028
2020-10-22,0.005417773820716398,0.4526375924510536,14352.19086399694
2020-10-23,-0.0009903462245443029,0.4516472462265093,14337.977225960842
2020-10-26,-0.022946051410095425,0.4287011948164139,14008.977263417168
2020-10-27,-0.008025586044078548,0.42067560877233534,13896.547011000073
2020-10-28,-0.03434561874122266,0.3863299900311127,13419.261505540788
2020-10-29,0.0052473764222600305,0.3915773664533727,13489.677421969103
2020-10-30,-0.005908290611265077,0.38566907584210763,13409.976487507889
2020-11-02,0.015978325011189343,0.401647400853297,13624.245450217697
2020-11-03,0.020611976561673684,0.42225937741497066,13905.068078108074
2020-11-04,0.013378110168783763,0.4356374875837544,14091.091610761441
2020-11-05,0.019481691754567043,0.45511917933832147,14365.60991400766
2020-11-06,-0.0023521970487704325,0.45276698228955103,14331.819168764145
2020-11-09,0.029465752734132877,0.4822327350236839,14754.117008621255
2020-11-10,0.009018090505242826,0.49125082552892674,14887.170971129945
2020-11-11,-0.0007915817235437661,0.49045924380538297,14875.386558673927
2020-11-12,-0.01079886127622287,0.4796603825291601,14714.749322796617
2020-11-13,0.0137427197321629,0.493403102261323,14916.969998668845
2020-11-16,0.01596444812634279,0.5093675503876658,15155.111192414804
2020-11-17,-0.005578877866266652,0.5037886725213991,15070.562678022632
2020-11-18,-0.01158129263578278,0.49220737988561636,14896.026081462545
2020-11-19,0.001522179077338981,0.49372955896295534,14918.700500699244
2020-11-20,-0.007453389486369866,0.4862761694765855,14807.50561523703
2020-11-23,0.011201301323335189,0.49747747079992066,14973.368947480278
2020-11-24,0.015375166741140589,0.5128526375410613,15203.586991724404
2020-11-25,-0.005783403510539631,0.5070692340305216,15115.65851334367
2020-11-27,0.0012686743549483737,0.50833790838547,15134.835361657706
2020-11-30,-0.009084759681415311,0.4992531487040547,14997.33901957926
2020-12-01,0.006251275124902866,0.5055044238289575,15091.09151193209
2020-12-02,0.0020074202446167533,0.5075118440735743,15121.385674546507
2020-12-03,0.002868795137413782,0.5103806392109881,15164.765832240604
2020-12-04,0.008299773845744651,0.5186804130567327,15290.629959071877
2020-12-07,-0.004913277742548683,0.513767135314184,15215.502847224421
2020-12-08,0.0034616736638439782,0.517228808978028,15268.173952712801
2020-12-09,-0.003482161044834786,0.5137466479331932,15215.007712148903
2020-12-10,-0.00231305395807313,0.5114335939751201,15179.814578338204
2020-12-11,0.0015703512475990777,0.5130039452227192,15203.65221909962
2020-12-14,-0.006151104598029811,0.5068528406246894,15110.132964027871
2020-12-15,0.011310858170067828,0.5181636987947572,15281.041534914857
2020-12-16,-0.0014825333282196818,0.5166811654665375,15258.386881549437
2020-12-17,0.004935577951184378,0.5216167434177219,15333.695839412654
2020-12-18,-0.00410245998714176,0.5175142834305801,15270.789965776461
2020-12-21,0.001239218482088189,0.5187535019126683,15289.713810938138
2020-12-22,-0.006650002178294034,0.5121034997343743,15188.037180789906
2020-12-23,0.003808708011047157,0.5159122077454215,15245.883979672462
2020-12-24,0.0023245754230405424,0.518236783168462,15281.324186874137
2020-12-28,0.00675835916869727,0.5249951423371593,15384.600864302332
2020-12-29,-0.0022464428056753194,0.522748699531484,15350.040238372534
2020-12-30,0.0024357670422407995,0.5251844665737248,15387.429360482232
2020-12-31,0.006475592489127102,0.5316600590628519,15487.072082475945
2021-01-04,-0.012500288758801714,0.5191597703040501,15293.479209416619
2021-01-05,0.00554888801232889,0.524708658316379,15378.341012868552
2021-01-06,0.014405322091534556,0.5391139804079136,15599.870968392379
2021-01-07,0.006867810144448594,0.5459817905523622,15707.007920481194
2021-01-08,0.0018311138214486267,0.5478129043738108,15735.76923977799
2021-01-11,-0.002870967075386366,0.5449419372984244,15690.59236438471
2021-01-12,0.00193494149730844,0.5468768787957329,15720.95274266791
2021-01-13,-0.0002645348144600934,0.5466123439812728,15716.794003350993
2021-01-14,-0.0022199010611922976,0.5443924429200805,15681.904275664414
2021-01-15,-0.005719621635404515,0.538672821284676,15592.209716684982
2021-01-19,0.003772920930416035,0.542445742215092,15651.0378910765
2021-01-20,0.008336792657636316,0.5507825348727283,15781.517348851214
2021-01-21,-0.0003966571334940161,0.5503858777392343,15775.257497417433
2021-01-22,-0.005742534026031754,0.5446433437132026,15684.6675444691
2021-01-25,-0.0011930345533908149,0.5434503091598117,15665.955194130102
2021-01-26,-0.0007416323481912457,0.5427086768116205,15654.33681499282
2021-01-27,-0.02048900476042448,0.522219672051196,15333.595033469142
2021-01-28,0.009906206311053323,0.5321258783622493,15485.492789360831
2021-01-29,-0.020283401791572064,0.5118424765706773,15171.394317173734
2021-02-01,0.007647464504337398,0.5194899410750147,15287.417016695626
2021-02-02,0.015741153407396125,0.5352310944824108,15528.05859315827
2021-02-03,0.0011769992216135172,0.5364080937040243,15546.335106035587
2021-02-04,0.010814480394530701,0.547222574098555,15714.460642246613
2021-02-05,0.0029746676226054536,0.5501972417211605,15761.205939525811
2021-02-08,0.0076254558672588235,0.5578226975884193,15881.392319832443
2021-02-09,-0.00031637556567531977,0.557506322022744,15876.367835353543
2021-02-10,0.0019751095977602606,0.5594814316205042,15907.725401842723
2021-02-11,-0.00022589247095916587,0.5592555391495451,15904.13196644436
2021-02-12,0.0008813412543642318,0.5601368804039093,15918.14893406124
2021-02-16,0.0020455461363564353,0.5621824265402657,15950.710242111256
2021-02-17,0.0028636312266536734,0.5650460577669194,15996.38719404787
2021-02-18,-0.0037857721051193227,0.5612602856618001,15935.828517625954
2021-02-19,3.1132574533687674e-05,0.5612914182363338,15936.324640995035
2021-02-22,0.0008690182976940353,0.5621604365340278,15950.173598706053
2021-02-23,0.0004968057398473391,0.5626572422738751,15958.097736501451
2021-02-24,0.013460540308016578,0.5761177825818917,16172.902354322898
2021-02-25,-0.01751617772941283,0.5586016048524789,15889.61492228414
2021-02-26,-0.014955750555625369,0.5436458542968535,15651.973805081516
2021-03-01,0.019498688324130597,0.5631445426209841,15957.166763964256
2021-03-02,-0.004565971358799992,0.5585785712621841,15884.3067975524
2021-03-03,-0.003868232226831747,0.5547103390353524,15822.862610097227
2021-03-04,-0.011063262704988586,0.5436470763303638,15647.81012429678
2021-03-05,0.018502055180393606,0.5621491315107574,15937.326770668842
2021-03-08,0.009719829449217343,0.5718689609599747,16092.23486875619
2021-03-09,0.0009527816661567545,0.5728217426261315,16107.56725510663
2021-03-10,0.014584961692164944,0.5874067043182964,16342.495506476329
2021-03-11,0.005838628927277378,0.5932453332455738,16437.91327348434
2021-03-12,0.00902094690782973,0.6022662801534036,16586.198816399952
2021-03-15,0.0053333606631222885,0.6075996408165258,16674.658996718066
2021-03-16,-0.003869448462237135,0.6037301923542887,16610.137263104887
2021-03-17,0.0057704919281298395,0.6095006842824185,16705.98592610676
2021-03-18,-0.004636334756478844,0.6048643495259397,16628.531382916306
2021-03-19,-0.007130665612393727,0.597733683913546,16509.958885999535
2021-03-22,0.0031638043494721657,0.6008974882630181,16562.193165732668
2021-03-23,-0.009411473929392011,0.5914860143336261,16406.31851653982
2021-03-24,-9.529745606995377e-05,0.5913907168775562,16404.75503612172
2021-03-25,0.006151127373333232,0.5975418442508894,16505.662773877237
2021-03-26,0.013899621667315065,0.6114414659182045,16735.085241802415
2021-03-29,0.002978034896181647,0.6144195008143861,16784.922909643075
2021-03-30,-0.003147598450329747,0.6112719023640564,16732.09071230378
2021-03-31,-0.0025829454485228887,0.6086889569155335,16688.872634754163
2021-04-01,0.005204732712192239,0.6138936896277257,16775.73375608588
2021-04-05,0.011280369477786767,0.6251740591055125,16964.97023111551
2021-04-06,-0.002891775926746054,0.6222822831787664,16915.911338603204
2021-04-07,0.0004793097005528768,0.6227615928793193,16924.019299001488
2021-04-08,0.0017134528884545919,0.6244750457677739,16953.017808753622
2021-04-09,0.008865659606706933,0.6333407053744808,17103.317493952472
2021-04-12,-0.00163319948308982,0.631707505891391,17075.38436466223
2021-04-13,-0.00201890952261774,0.6296885963687733,17040.910708566054
2021-04-14,0.0015922043115830231,0.6312808006803563,17068.043320069533
2021-04-15,0.009045051897440093,0.6403258525777964,17222.42465768732
2021-04-16,0.004838513645884612,0.645164366223681,17305.755594408758
2021-04-19,-0.0035976769462222613,0.6415666892774587,17243.495076469797
2021-04-20,-0.007521888500669371,0.6340448007767894,17113.79142914275
2021-04-21,0.009343455313675975,0.6433882560904653,17273.693374608516
2021-04-22,-0.009415216649763858,0.6339730394407015,17111.057809144986
2021-04-23,0.006730261630358392,0.6407033010710599,17226.21970497272
2021-04-26,-0.0018187903730212396,0.6388845106980386,17194.888822409765
2021-04-27,9.885873339898765e-05,0.6389833694314376,17196.588687339685
2021-04-28,-0.004841874994684026,0.6341414944367536,17113.32495458059
2021-04-29,0.007095735663258607,0.6412372301000122,17234.75658477774
2021-04-30,-0.005446443193907191,0.635790786906105,17140.88846207793
2021-05-03,0.0070370465184232955,0.6428278334245283,17261.50969155268
2021-05-04,0.0005804428656541738,0.6434082762901825,17271.529011703562
2021-05-05,0.002850862937934906,0.6462591392281174,17320.767773644497
2021-05-06,0.009295595886644303,0.6555547351147617,17481.774631314707
2021-05-07,0.0066350279000644274,0.6621897630148261,17597.766693736117
2021-05-10,-0.0010047054359787477,0.6611850575788474,17580.086121877834
2021-05-11,-0.013633324870853447,0.6475517327079939,17340.411096520693
2021-05-12,-0.0198866851972066,0.6276650475107873,16995.567799854038
2021-05-13,0.012915131940778535,0.6405801794515659,17215.0678003976
2021-05-14,0.01060153802328978,0.6511817174748556,17397.573996257026
2021-05-17,-0.0015804676870989631,0.6496012497877567,17370.07769272203
2021-05-18,-0.007781710198802583,0.6418195395889541,17234.90878198658
2021-05-19,-0.004833173901938936,0.6369863656870152,17151.609470659187
2021-05-20,0.005549597540088769,0.6425359632271039,17246.79400038612
2021-05-21,0.0036290009262462952,0.6461649641533502,17309.3826317883
2021-05-24,0.005441460958956368,0.6516064251123066,17403.570961602814
2021-05-25,-0.00237016856260841,0.6492362565496982,17362.3215648325
2021-05-26,0.0003086296774017505,0.6495448862270999,17367.680092535997
2021-05-27,0.004125211498604564,0.6536700977257045,17439.32544615781
2021-06-01,0.003211058253998589,0.6568811559797031,17495.324136075862
2021-06-02,0.0007250929498436864,0.6576062489295468,17508.009872262162
2021-06-03,-0.0006745545710131751,0.6569316943585336,17496.199764173485
2021-06-04,0.00518701332915783,0.6621187076876914,17586.95278555986
2021-06-07,-0.003629615776595041,0.6584890919110964,17523.11890426716
2021-06-08,-0.0008783644080921915,0.6576107275030042,17507.727220302884
2021-06-09,-0.004412730647761265,0.6531979968552429,17430.470335825208
2021-06-10,0.0005544046879797371,0.6537524015432227,17440.13387029308
2021-06-11,0.00038772090939986903,0.6541401224526225,17446.895774857327
2021-06-14,-0.002489923276647543,0.651650199175975,17403.454342962264
2021-06-15,-0.002745320734145018,0.64890487844183,17355.676278908784
2021-06-16,-0.007745231890019744,0.6411596465518102,17221.25254152052
2021-06-17,-0.006176902011105767,0.6349827445407045,17114.87855206304
2021-06-18,-0.015769269724695167,0.6192134748160093,16844.989415870157
2021-06-21,0.017629595905311435,0.6368430707213207,17141.959772301198
2021-06-22,0.002025251299970554,0.6388683220212913,17176.676548614094
2021-06-23,-0.002101594602021528,0.6367667274192698,17140.578137898858
2021-06-24,0.009522930923838713,0.6462896583431085,17303.80667950073
2021-06-25,0.006931040052380544,0.653220698395489,17423.740056655
2021-06-28,-0.004372742429634369,0.6488479559658547,17347.550529226344
2021-06-29,0.00026308842106725905,0.6491110443869219,17352.114468904463
2021-06-30,0.006130318564236292,0.6552413629511582,17458.488458361942
