,portfolio,date
0,10000.0,2017-01-03
1,10030.665517019515,2017-01-04
2,9995.978482970579,2017-01-05
3,10050.755470062462,2017-01-06
4,10016.901774091812,2017-01-09
5,10019.578393223805,2017-01-10
6,10083.598844225231,2017-01-11
7,10029.516245050745,2017-01-12
8,10053.38994521725,2017-01-13
9,10026.21102789732,2017-01-17
10,10044.0721579336,2017-01-18
11,10037.521482567501,2017-01-19
12,10083.94829572691,2017-01-20
13,10044.752526511185,2017-01-23
14,10153.383249746068,2017-01-24
15,10349.802558650586,2017-01-25
16,10355.613284329587,2017-01-26
17,10336.39337110338,2017-01-27
18,10230.46248354409,2017-01-30
19,10148.182245177588,2017-01-31
20,10244.435846605036,2017-02-01
21,10195.11862289633,2017-02-02
22,10211.450321805083,2017-02-03
23,10234.180428314263,2017-02-06
24,10289.651666755148,2017-02-07
25,10267.224548402657,2017-02-08
26,10325.284338523468,2017-02-09
27,10418.008246667072,2017-02-10
28,10533.493102875524,2017-02-13
29,10557.314460997179,2017-02-14
30,10606.348892789092,2017-02-15
31,10595.589630099541,2017-02-16
32,10651.525363498504,2017-02-17
33,10722.911769649107,2017-02-21
34,10715.205846032024,2017-02-22
35,10662.717949978985,2017-02-23
36,10669.277686621126,2017-02-24
37,10772.501423054497,2017-02-27
38,10768.469177311588,2017-02-28
39,10977.978807026031,2017-03-01
40,10796.42060069025,2017-03-02
41,10811.289420308975,2017-03-03
42,10788.77140679794,2017-03-06
43,10830.721045476681,2017-03-07
44,10736.560146712289,2017-03-08
45,10645.763930174699,2017-03-09
46,10638.163906740872,2017-03-10
47,10656.47612579934,2017-03-13
48,10618.548010662571,2017-03-14
49,10697.69911098255,2017-03-15
50,10673.981271190247,2017-03-16
51,10695.188078749243,2017-03-17
52,10792.557460073684,2017-03-20
53,10573.346358121958,2017-03-21
54,10629.640831588125,2017-03-22
55,10613.99921577201,2017-03-23
56,10576.397640062798,2017-03-24
57,10562.656621789098,2017-03-27
58,10704.702105396347,2017-03-28
59,10715.263955320737,2017-03-29
60,10732.674866063498,2017-03-30
61,10686.70854641643,2017-03-31
62,10664.407093660033,2017-04-03
63,10800.5230862271,2017-04-04
64,10769.905485130514,2017-04-05
65,10823.085925955733,2017-04-06
66,10832.31165272322,2017-04-07
67,10860.00698401858,2017-04-10
68,10847.062673581984,2017-04-11
69,10711.130741112536,2017-04-12
70,10620.664878436713,2017-04-13
71,10743.855270546192,2017-04-17
72,10717.424299568713,2017-04-18
73,10673.150267516126,2017-04-19
74,10813.60513055669,2017-04-20
75,10800.55044491896,2017-04-21
76,10970.793777742983,2017-04-24
77,11370.354314294513,2017-04-25
78,11345.52426019299,2017-04-26
79,11268.128375658858,2017-04-27
80,11257.473395050501,2017-04-28
81,11305.767518207676,2017-05-01
82,11317.167047260935,2017-05-02
83,11303.242073091324,2017-05-03
84,11177.411748508857,2017-05-04
85,11269.399574427885,2017-05-05
86,11366.392008224439,2017-05-08
87,11391.106864965663,2017-05-09
88,11420.211079871422,2017-05-10
89,11494.885802173367,2017-05-11
90,11548.44443753445,2017-05-12
91,11639.805987437776,2017-05-15
92,11630.471112586933,2017-05-16
93,11329.03494967274,2017-05-17
94,11381.023458106132,2017-05-18
95,11519.23959420885,2017-05-19
96,11552.63496345334,2017-05-22
97,11619.588978553988,2017-05-23
98,11638.856742664699,2017-05-24
99,11737.153500645722,2017-05-25
100,11762.036703642967,2017-05-26
101,11750.643127931033,2017-05-30
102,11713.733149868684,2017-05-31
103,11743.888122102058,2017-06-01
104,11834.55404486709,2017-06-02
105,11751.303421858462,2017-06-05
106,11719.001133878388,2017-06-06
107,11687.171348584572,2017-06-07
108,11769.038739383332,2017-06-08
109,11635.651591237582,2017-06-09
110,11542.499352701523,2017-06-12
111,11563.813886541566,2017-06-13
112,11459.540140585366,2017-06-14
113,11540.228574986462,2017-06-15
114,11568.879438176946,2017-06-16
115,11672.210852308575,2017-06-19
116,11604.933890150556,2017-06-20
117,11393.091197753609,2017-06-21
118,11418.507918516003,2017-06-22
119,11460.769753552237,2017-06-23
120,11452.421256510826,2017-06-26
121,11376.583333261475,2017-06-27
122,11594.436834101863,2017-06-28
123,11473.69766518305,2017-06-29
124,11600.050031412255,2017-06-30
125,11554.138853040018,2017-07-03
126,11613.02084900025,2017-07-05
127,11505.688562755293,2017-07-06
128,11576.649744621369,2017-07-07
129,11660.127112795282,2017-07-10
130,11698.756844115369,2017-07-11
131,11761.082191047512,2017-07-12
132,11778.986042169641,2017-07-13
133,11834.293973222424,2017-07-14
134,11849.6438482002,2017-07-17
135,11794.238463683474,2017-07-18
136,11874.901864454136,2017-07-19
137,11822.425184668351,2017-07-20
138,11773.853921292679,2017-07-21
139,11929.313030915488,2017-07-24
140,12375.546698779684,2017-07-25
141,12330.990998984043,2017-07-26
142,12296.368493842,2017-07-27
143,12248.274134140525,2017-07-28
144,12217.593024844591,2017-07-31
145,12208.180846846548,2017-08-01
146,12419.101029621004,2017-08-02
147,12402.526308133994,2017-08-03
148,12473.891722387169,2017-08-04
149,12571.746853848323,2017-08-07
150,12585.661871808305,2017-08-08
151,12609.421270617437,2017-08-09
152,12368.851675790333,2017-08-10
153,12418.359306372911,2017-08-11
154,12553.144824578034,2017-08-14
155,12603.563953955627,2017-08-15
156,12619.620852880464,2017-08-16
157,12455.93477005244,2017-08-17
158,12494.2289482761,2017-08-18
159,12468.964817779579,2017-08-21
160,12694.443838311097,2017-08-22
161,12627.859483114093,2017-08-23
162,12614.529608646026,2017-08-24
163,12669.094050778045,2017-08-25
164,12694.853552249475,2017-08-28
165,12800.03217172307,2017-08-29
166,12918.094276704398,2017-08-30
167,12933.47628467319,2017-08-31
168,12989.734421556217,2017-09-01
169,12935.903304529318,2017-09-05
170,12840.763365270257,2017-09-06
171,12878.438405652649,2017-09-07
172,12807.522845932006,2017-09-08
173,12962.085484417023,2017-09-11
174,13082.713468621007,2017-09-12
175,12957.005184972102,2017-09-13
176,12975.683480904232,2017-09-14
177,13079.270105002952,2017-09-15
178,13209.986056915577,2017-09-18
179,13270.088773542164,2017-09-19
180,13198.1804753896,2017-09-20
181,13113.220597321153,2017-09-21
182,13043.75810152719,2017-09-22
183,12994.036829935136,2017-09-25
184,13088.833344534758,2017-09-26
185,13125.348966250873,2017-09-27
186,13140.764071651252,2017-09-28
187,13134.711228480845,2017-09-29
188,13124.33532297495,2017-10-02
189,13196.274971978039,2017-10-03
190,13236.690636870273,2017-10-04
191,13284.254229101649,2017-10-05
192,13314.03133133866,2017-10-06
193,13329.810359293313,2017-10-09
194,13410.559135667369,2017-10-10
195,13457.008788526993,2017-10-11
196,13523.409115223469,2017-10-12
197,13597.184977825478,2017-10-13
198,13735.051675567564,2017-10-16
199,13691.57055865777,2017-10-17
200,13717.57262007886,2017-10-18
201,13619.298771282512,2017-10-19
202,13672.778224752945,2017-10-20
203,13688.17217121489,2017-10-23
204,14136.225772712636,2017-10-24
205,14025.10208150689,2017-10-25
206,14079.767528540204,2017-10-26
207,14305.650912699333,2017-10-27
208,14347.749945323401,2017-10-30
209,14386.901751468296,2017-10-31
210,14351.245070474435,2017-11-01
211,14416.707202652764,2017-11-02
212,14541.135534231584,2017-11-03
213,14661.12827100543,2017-11-06
214,14749.705674486622,2017-11-07
215,14712.257889214905,2017-11-08
216,14592.836230459432,2017-11-09
217,14613.378487854463,2017-11-10
218,14603.890746854848,2017-11-13
219,14571.572206284081,2017-11-14
220,14334.61351379704,2017-11-15
221,14524.174930674688,2017-11-16
222,14472.575914411045,2017-11-17
223,14528.829356420734,2017-11-20
224,14678.424651878335,2017-11-21
225,14744.204625309361,2017-11-22
226,14715.767823704893,2017-11-24
227,14679.569116918352,2017-11-27
228,14760.370236262755,2017-11-28
229,14592.153534903877,2017-11-29
230,14855.531352170317,2017-11-30
231,14847.988445267722,2017-12-01
232,14815.286217268047,2017-12-04
233,14728.413446647648,2017-12-05
234,14727.835382495226,2017-12-06
235,14893.078660227011,2017-12-07
236,14956.164718442089,2017-12-08
237,15037.349159021736,2017-12-11
238,15000.034775861981,2017-12-12
239,15320.249001200033,2017-12-13
240,15170.250810455333,2017-12-14
241,15259.835772273413,2017-12-15
242,15521.648264145151,2017-12-18
243,15534.598790462418,2017-12-19
244,15617.646622381291,2017-12-20
245,15746.196166754593,2017-12-21
246,15811.115714544076,2017-12-22
247,15752.58996228666,2017-12-26
248,15828.568024514014,2017-12-27
249,15904.602971561704,2017-12-28
250,15806.88756183467,2017-12-29
251,15832.62029709841,2018-01-02
252,15872.669988482385,2018-01-03
253,16054.337816641202,2018-01-04
254,16259.815013110065,2018-01-05
255,16445.90816367551,2018-01-08
256,16485.317895459415,2018-01-09
257,16488.954158657845,2018-01-10
258,16667.358341068477,2018-01-11
259,16781.712887801972,2018-01-12
260,16678.97887608608,2018-01-16
261,16720.54826582053,2018-01-17
262,16707.58749645336,2018-01-18
263,16734.208515767095,2018-01-19
264,16761.853772251325,2018-01-22
265,16689.45018065725,2018-01-23
266,16658.750262038015,2018-01-24
267,16677.319192496412,2018-01-25
268,16590.022740096207,2018-01-26
269,16330.211445777148,2018-01-29
270,16320.088708279894,2018-01-30
271,16286.985722006979,2018-01-31
272,16300.19895175188,2018-02-01
273,15793.118868810234,2018-02-02
274,15121.454390461733,2018-02-05
275,15608.146387206214,2018-02-06
276,15455.899636138047,2018-02-07
277,14696.682328869343,2018-02-08
278,15040.085400614224,2018-02-09
279,15411.431887097788,2018-02-12
280,15524.742875770384,2018-02-13
281,15849.7828285117,2018-02-14
282,16070.916143838356,2018-02-15
283,15882.911529109868,2018-02-16
284,15825.586719867642,2018-02-20
285,15770.316962630368,2018-02-21
286,16001.536250567287,2018-02-22
287,16319.60421145403,2018-02-23
288,16526.576389616108,2018-02-26
289,16344.079470889943,2018-02-27
290,15970.718423875298,2018-02-28
291,15675.000636183264,2018-03-01
292,15519.881572284045,2018-03-02
293,15800.85942602914,2018-03-05
294,15935.730663652554,2018-03-06
295,15787.015060162406,2018-03-07
296,15902.174439504059,2018-03-08
297,16275.56291851694,2018-03-09
298,16184.937556509874,2018-03-12
299,16075.711963450514,2018-03-13
300,15960.061863899926,2018-03-14
301,16030.833134876646,2018-03-15
302,16055.934989680303,2018-03-16
303,15768.6730530708,2018-03-19
304,15851.087209664749,2018-03-20
305,15854.033200616826,2018-03-21
306,15355.55922048337,2018-03-22
307,15098.16009765437,2018-03-23
308,15614.430645979972,2018-03-26
309,15351.606659871277,2018-03-27
310,15153.074326633534,2018-03-28
311,15348.769606016198,2018-03-29
312,15120.858425171278,2018-04-02
313,15297.903325980513,2018-04-03
314,15428.748467269543,2018-04-04
315,15656.21767782558,2018-04-05
316,15245.635836601949,2018-04-06
317,15334.815380380489,2018-04-09
318,15697.503168386575,2018-04-10
319,15633.6549387426,2018-04-11
320,15771.323311087051,2018-04-12
321,15813.033580966103,2018-04-13
322,15922.896683510877,2018-04-16
323,16094.018794560205,2018-04-17
324,16210.343182531202,2018-04-18
325,16019.465637634661,2018-04-19
326,15671.246171293154,2018-04-20
327,15707.46322382116,2018-04-23
328,15394.069614527978,2018-04-24
329,15475.58382824375,2018-04-25
330,15547.79842546421,2018-04-26
331,15513.57383649013,2018-04-27
332,15609.133883798797,2018-04-30
333,15762.201753744737,2018-05-01
334,16051.823344616876,2018-05-02
335,16070.585975247826,2018-05-03
336,16418.99138811159,2018-05-04
337,16538.66158949844,2018-05-07
338,16610.31717130866,2018-05-08
339,16727.362018019594,2018-05-09
340,16899.355788697,2018-05-10
341,16913.931794568933,2018-05-11
342,16911.105841819972,2018-05-14
343,16803.260899082707,2018-05-15
344,16935.44756991779,2018-05-16
345,16889.11892996492,2018-05-17
346,16809.839227680637,2018-05-18
347,16930.40190337685,2018-05-21
348,16869.372454958422,2018-05-22
349,16927.546434039275,2018-05-23
350,16841.271534445827,2018-05-24
351,16739.440532179317,2018-05-25
352,16594.16933189951,2018-05-29
353,16710.272263317456,2018-05-30
354,16633.325406771462,2018-05-31
355,16802.533165283374,2018-06-01
356,16864.030546543578,2018-06-04
357,16949.00115260038,2018-06-05
358,17058.16147269492,2018-06-06
359,17152.451968622434,2018-06-07
360,17071.701953112028,2018-06-08
361,17084.504773109955,2018-06-11
362,17139.17605578625,2018-06-12
363,17022.621026627832,2018-06-13
364,17028.401595400792,2018-06-14
365,16832.025783646324,2018-06-15
366,16812.077133268507,2018-06-18
367,16529.144237582066,2018-06-19
368,16563.50035316748,2018-06-20
369,16385.33782248953,2018-06-21
370,16406.960322431405,2018-06-22
371,16124.189881697162,2018-06-25
372,16249.526792852073,2018-06-26
373,16240.683932750668,2018-06-27
374,16346.390114388812,2018-06-28
375,16329.69218057323,2018-06-29
376,16429.430329700423,2018-07-02
377,16191.589208434008,2018-07-03
378,16314.889687262952,2018-07-05
379,16457.47637409039,2018-07-06
380,16729.901758995034,2018-07-09
381,16751.80349822756,2018-07-10
382,16535.329682214353,2018-07-11
383,16793.903673006353,2018-07-12
384,16786.229841691027,2018-07-13
385,16771.781124263965,2018-07-16
386,16822.194174690307,2018-07-17
387,16808.85171914953,2018-07-18
388,16816.267179426166,2018-07-19
389,16787.450132765236,2018-07-20
390,16825.160581580218,2018-07-23
391,16908.47056766807,2018-07-24
392,17087.808001265916,2018-07-25
393,17042.24968286531,2018-07-26
394,16787.754753298028,2018-07-27
395,16562.50098779336,2018-07-30
396,16543.160351868402,2018-07-31
397,17144.51383828615,2018-08-01
398,17525.119892574756,2018-08-02
399,17599.329383340042,2018-08-03
400,17689.395439755215,2018-08-06
401,17660.183066838086,2018-08-07
402,17714.883044474096,2018-08-08
403,17808.45913663522,2018-08-09
404,17704.654193505623,2018-08-10
405,17762.77413643237,2018-08-13
406,17845.916204118403,2018-08-14
407,17809.04063520716,2018-08-15
408,18068.532463390053,2018-08-16
409,18312.746447314443,2018-08-17
410,18261.09156650516,2018-08-20
411,18277.487173874317,2018-08-21
412,18332.991742961607,2018-08-22
413,18323.097841733772,2018-08-23
414,18442.991537173122,2018-08-24
415,18609.110436273713,2018-08-27
416,18722.71551337089,2018-08-28
417,18875.39618021089,2018-08-29
418,18871.77319922123,2018-08-30
419,18994.272844112125,2018-08-31
420,19067.13823524344,2018-09-04
421,18892.964310892712,2018-09-05
422,18736.10592470451,2018-09-06
423,18699.801685036004,2018-09-07
424,18651.900473448022,2018-09-10
425,18923.65463601546,2018-09-11
426,18856.75207648083,2018-09-12
427,19150.23194941742,2018-09-13
428,19096.20101119336,2018-09-14
429,18841.201926572452,2018-09-17
430,18938.944815938572,2018-09-18
431,18984.610630183863,2018-09-19
432,19179.201746250277,2018-09-20
433,19138.723930005766,2018-09-21
434,19150.597934687714,2018-09-24
435,19191.266568858406,2018-09-25
436,19001.72205363926,2018-09-26
437,19119.5987654045,2018-09-27
438,19067.052635057244,2018-09-28
439,19218.279437488167,2018-10-01
440,19354.827375653524,2018-10-02
441,19476.490878236422,2018-10-03
442,19301.087860055773,2018-10-04
443,19121.685190887412,2018-10-05
444,19055.282165143773,2018-10-08
445,19077.239236307545,2018-10-09
446,18400.759661808806,2018-10-10
447,18053.495166331722,2018-10-11
448,18459.397395424305,2018-10-12
449,18247.182828241268,2018-10-15
450,18626.222238522,2018-10-16
451,18597.1147841451,2018-10-17
452,18290.499020772106,2018-10-18
453,18556.10306813171,2018-10-19
454,18425.042740865338,2018-10-22
455,18204.44758787448,2018-10-23
456,17612.690024032923,2018-10-24
457,17940.343578924145,2018-10-25
458,17695.20733913504,2018-10-26
459,17498.933103501236,2018-10-29
460,17681.680325570727,2018-10-30
461,18015.98813297369,2018-10-31
462,18221.239771581455,2018-11-01
463,17768.192680048167,2018-11-02
464,17799.30865962076,2018-11-05
465,17911.61759941755,2018-11-06
466,18418.24534556382,2018-11-07
467,18364.413084613814,2018-11-08
468,18136.190931534362,2018-11-09
469,17629.01532144245,2018-11-12
470,17629.737348259194,2018-11-13
471,17408.56013570256,2018-11-14
472,17771.902700132,2018-11-15
473,17855.603406793583,2018-11-16
474,17437.44550005367,2018-11-19
475,17048.79405366682,2018-11-20
476,17049.617436199398,2018-11-21
477,16815.467978495544,2018-11-23
478,17190.861223864667,2018-11-26
479,17218.127872112367,2018-11-27
480,17769.20697705154,2018-11-28
481,17686.902534179953,2018-11-29
482,17868.670562321007,2018-11-30
483,18095.392348255664,2018-12-03
484,17271.899406620465,2018-12-04
485,17251.89526796053,2018-12-06
486,16743.10449702293,2018-12-07
487,16753.920399230505,2018-12-10
488,16670.706860436316,2018-12-11
489,16879.336212144965,2018-12-12
490,16928.11833958757,2018-12-13
491,16711.842531093425,2018-12-14
492,16392.319310983465,2018-12-17
493,16406.50252433903,2018-12-18
494,16075.344235454713,2018-12-19
495,15794.41803057246,2018-12-20
496,15423.448029532776,2018-12-21
497,15025.636442829267,2018-12-24
498,15983.299441885763,2018-12-26
499,16111.211145228533,2018-12-27
500,16041.77335632687,2018-12-28
501,16202.649045715838,2018-12-31
502,16194.33074847014,2019-01-02
503,15295.981568951243,2019-01-03
504,15963.051493830402,2019-01-04
505,15993.720943265722,2019-01-07
506,16176.956899228979,2019-01-08
507,16335.070579560732,2019-01-09
508,16501.981097387074,2019-01-10
509,16384.402330187928,2019-01-11
510,16255.122580253663,2019-01-14
511,16343.43294661013,2019-01-15
512,16438.50540019616,2019-01-16
513,16622.936015356376,2019-01-17
514,16851.507960810322,2019-01-18
515,16445.359316229344,2019-01-22
516,16471.640014850345,2019-01-23
517,16402.47775137409,2019-01-24
518,16829.904509591273,2019-01-25
519,16259.550011680116,2019-01-28
520,16222.846792006045,2019-01-29
521,16905.358459286548,2019-01-30
522,17138.587235615916,2019-01-31
523,17171.69731791276,2019-02-01
524,17407.455678691047,2019-02-04
525,17599.71799925164,2019-02-05
526,17554.24923515801,2019-02-06
527,17263.462143093766,2019-02-07
528,17315.637606690594,2019-02-08
529,17376.352742030333,2019-02-11
530,17664.677445085494,2019-02-12
531,17573.93113729164,2019-02-13
532,17570.92841575095,2019-02-14
533,17715.601049327295,2019-02-15
534,17740.028396741713,2019-02-19
535,17840.23003734496,2019-02-20
536,17768.756079290528,2019-02-21
537,17934.019519773286,2019-02-22
538,18063.25230604689,2019-02-25
539,18069.195168705537,2019-02-26
540,18141.283625239346,2019-02-27
541,18091.432908165818,2019-02-28
542,18204.988809040406,2019-03-01
543,18175.77472458241,2019-03-04
544,18144.22224326729,2019-03-05
545,18110.471007034375,2019-03-06
546,17940.45037970807,2019-03-07
547,17923.588873922592,2019-03-08
548,18179.682541509723,2019-03-11
549,18198.60687753526,2019-03-12
550,18360.09915876558,2019-03-13
551,18416.03780466714,2019-03-14
552,18613.137037163477,2019-03-15
553,18683.605667160708,2019-03-18
554,18578.987448926197,2019-03-19
555,18461.218150210912,2019-03-20
556,18767.721264842174,2019-03-21
557,18359.727535978567,2019-03-22
558,18284.03079681223,2019-03-25
559,18337.354816627503,2019-03-26
560,18306.502091561593,2019-03-27
561,18353.166209383686,2019-03-28
562,18483.99888099382,2019-03-29
563,18830.79574421417,2019-04-01
564,18845.015122296245,2019-04-02
565,18870.902738275225,2019-04-03
566,18878.186481811437,2019-04-04
567,18964.36608188897,2019-04-05
568,18999.397609085783,2019-04-08
569,18847.086809762488,2019-04-09
570,18962.745718590777,2019-04-10
571,18917.567756110086,2019-04-11
572,19108.436974245513,2019-04-12
573,19078.191252548386,2019-04-15
574,19266.743963669196,2019-04-16
575,19259.69639721228,2019-04-17
576,19458.90351431149,2019-04-18
577,19322.305015957012,2019-04-22
578,19503.85226423083,2019-04-23
579,19477.220198763996,2019-04-24
580,19570.02302528741,2019-04-25
581,19628.87300837835,2019-04-26
582,19544.709223323272,2019-04-29
583,19577.66751961546,2019-04-30
584,19500.848159512916,2019-05-01
585,19426.3972938996,2019-05-02
586,19694.26063361433,2019-05-03
587,19639.191153634692,2019-05-06
588,19378.492463503168,2019-05-07
589,19269.57828307277,2019-05-08
590,19146.13189651444,2019-05-09
591,19277.995154270968,2019-05-10
592,18752.450429186196,2019-05-13
593,18955.15348137968,2019-05-14
594,19077.306834058094,2019-05-15
595,19533.50870688304,2019-05-16
596,19477.571617168604,2019-05-17
597,19490.54253987025,2019-05-20
598,19628.54965057877,2019-05-21
599,19525.14054190057,2019-05-22
600,19258.811713630832,2019-05-23
601,19356.96504607182,2019-05-24
602,19155.383262555104,2019-05-28
603,18993.72383355246,2019-05-29
604,18976.439873848307,2019-05-30
605,18632.916886779865,2019-05-31
606,18775.111734828,2019-06-03
607,19130.44565958563,2019-06-04
608,19302.116584762134,2019-06-05
609,19484.49333898515,2019-06-06
610,19706.26264617002,2019-06-07
611,19868.282504564686,2019-06-10
612,19907.19935413786,2019-06-11
613,19774.85743907687,2019-06-12
614,19813.90281202635,2019-06-13
615,19715.316833431443,2019-06-14
616,19789.651477432973,2019-06-17
617,20229.208085090962,2019-06-18
618,20279.22151039607,2019-06-19
619,20453.24412009986,2019-06-20
620,20378.529324789615,2019-06-21
621,20330.32690276852,2019-06-24
622,20122.450506551868,2019-06-25
623,20226.743968735293,2019-06-26
624,20200.27990468409,2019-06-27
625,20077.90429641557,2019-06-28
626,20255.984411844747,2019-07-01
627,20362.491446749413,2019-07-02
628,20591.430455429458,2019-07-03
629,20532.46889095242,2019-07-05
630,20432.22771301745,2019-07-08
631,20567.976621425398,2019-07-09
632,20754.066219442757,2019-07-10
633,20817.657378093143,2019-07-11
634,20957.925746908455,2019-07-12
635,21042.489750452503,2019-07-15
636,20924.423608185974,2019-07-16
637,20779.5121985164,2019-07-17
638,20987.32434197965,2019-07-18
639,20538.250247967775,2019-07-19
640,20721.66869325706,2019-07-22
641,20990.4066282368,2019-07-23
642,20944.737777750852,2019-07-24
643,20785.943858286326,2019-07-25
644,20721.81190713943,2019-07-26
645,20819.388376876388,2019-07-29
646,20680.875190605086,2019-07-30
647,20321.374860689826,2019-07-31
648,20262.786865684393,2019-08-01
649,20134.738203390065,2019-08-02
650,19528.665561835187,2019-08-05
651,19815.708604816286,2019-08-06
652,19896.421839139086,2019-08-07
653,20204.91665956024,2019-08-08
654,20325.537120303186,2019-08-09
655,20140.52906833411,2019-08-12
656,20431.57741737538,2019-08-13
657,19780.417656225516,2019-08-14
658,19673.497521690693,2019-08-15
659,19986.276316710086,2019-08-16
660,20108.238290187564,2019-08-19
661,19806.42702361934,2019-08-20
662,20027.817475037868,2019-08-21
663,20087.927039005044,2019-08-22
664,19520.398383988206,2019-08-23
665,19743.165027538154,2019-08-26
666,19656.4249504795,2019-08-27
667,19856.31371424921,2019-08-28
668,20085.653958829436,2019-08-29
669,20053.66472703656,2019-08-30
670,19693.164734231304,2019-09-03
671,19863.368074347993,2019-09-04
672,20186.0872901047,2019-09-05
673,20201.214998338673,2019-09-06
674,20180.45769933743,2019-09-09
675,19976.878799189257,2019-09-10
676,20088.35782483661,2019-09-11
677,20118.985958686513,2019-09-12
678,20168.32544496082,2019-09-13
679,19965.215163865538,2019-09-16
680,20115.081306801498,2019-09-17
681,20110.87161093618,2019-09-18
682,19972.645886064616,2019-09-19
683,19840.177821301248,2019-09-20
684,20005.508918057392,2019-09-23
685,19949.42699826935,2019-09-24
686,20112.512981352553,2019-09-25
687,20055.74636993789,2019-09-26
688,20014.15887993715,2019-09-27
689,20052.930114331586,2019-09-30
690,19798.957294216736,2019-10-01
691,19283.265067187083,2019-10-02
692,19347.682152043017,2019-10-03
693,19615.171210347344,2019-10-04
694,19558.864886307783,2019-10-07
695,19314.606026523856,2019-10-08
696,19481.442033455223,2019-10-09
697,19644.881022255104,2019-10-10
698,19901.17855180894,2019-10-11
699,19919.5172066601,2019-10-14
700,20069.93347067508,2019-10-15
701,20004.717430887078,2019-10-16
702,20138.763940350087,2019-10-17
703,19962.102496597818,2019-10-18
704,20136.158589186212,2019-10-21
705,20236.16842553697,2019-10-22
706,20044.599438980895,2019-10-23
707,19999.614991005015,2019-10-24
708,20123.88805468962,2019-10-25
709,20240.54384506374,2019-10-28
710,20317.352510088265,2019-10-29
711,20468.688453431972,2019-10-30
712,20537.472968753103,2019-10-31
713,20926.72736383648,2019-11-01
714,20744.99720979621,2019-11-04
715,20731.73541494262,2019-11-05
716,20862.124691565477,2019-11-06
717,21035.828608086213,2019-11-07
718,21220.333426622103,2019-11-08
719,21159.371516988882,2019-11-11
720,21197.934591582656,2019-11-12
721,21084.383938813495,2019-11-13
722,21106.176885452922,2019-11-14
723,21224.82900740339,2019-11-15
724,21137.750173878965,2019-11-18
725,21314.150232059503,2019-11-19
726,21272.590274753125,2019-11-20
727,21322.43650291694,2019-11-21
728,21465.405075647926,2019-11-22
729,21770.271827899385,2019-11-25
730,21707.008844347907,2019-11-26
731,21757.787983531944,2019-11-27
732,21745.23240336051,2019-11-29
733,21442.070782324652,2019-12-02
734,21332.998391971836,2019-12-03
735,21483.841863471618,2019-12-04
736,21482.711496680382,2019-12-05
737,21695.168068568568,2019-12-06
738,21637.74643979858,2019-12-09
739,21721.944487586472,2019-12-10
740,21720.59264071726,2019-12-11
741,22001.606715171714,2019-12-12
742,22190.664458544336,2019-12-13
743,22420.198278786393,2019-12-16
744,22507.781303326985,2019-12-17
745,22411.214487245797,2019-12-18
746,22479.35407300305,2019-12-19
747,22610.74969402177,2019-12-20
748,22521.841689615398,2019-12-23
749,22504.822360883536,2019-12-24
750,22542.770875235754,2019-12-26
751,22508.58631926093,2019-12-27
752,22372.569156396632,2019-12-30
753,22431.839490005175,2019-12-31
754,22551.795878278925,2020-01-02
755,22357.919368282124,2020-01-03
756,22393.51642266254,2020-01-06
757,22224.97019725938,2020-01-07
758,22411.409019490722,2020-01-08
759,22629.494862849657,2020-01-09
760,22551.171061939443,2020-01-10
761,22600.997283988436,2020-01-13
762,22762.94319979651,2020-01-14
763,22926.38792642088,2020-01-15
764,22957.015442738688,2020-01-16
765,23087.475415471443,2020-01-17
766,22842.53235913148,2020-01-21
767,22923.209942591744,2020-01-22
768,22876.846528539216,2020-01-23
769,22999.959950387984,2020-01-24
770,22388.655367703726,2020-01-27
771,22650.37776659767,2020-01-28
772,22643.3620765742,2020-01-29
773,22761.31714337986,2020-01-30
774,22018.04351536416,2020-01-31
775,22151.766611382933,2020-02-03
776,22457.722911746518,2020-02-04
777,22997.1460576715,2020-02-05
778,22948.788398810113,2020-02-06
779,22715.144473854267,2020-02-07
780,22753.825396993114,2020-02-10
781,22835.570261294622,2020-02-11
782,22887.84716825532,2020-02-12
783,22939.886574174863,2020-02-13
784,23105.199256794745,2020-02-14
785,23009.513596813067,2020-02-18
786,23174.060645767924,2020-02-19
787,23143.256167605054,2020-02-20
788,22930.480715302954,2020-02-21
789,21991.42827471829,2020-02-24
790,20970.655145301775,2020-02-25
791,20742.614385783116,2020-02-26
792,19734.052390093086,2020-02-27
793,19360.705239297124,2020-02-28
794,20249.927175704688,2020-03-02
795,19409.221974397704,2020-03-03
796,20524.464587658684,2020-03-04
797,19918.581661193795,2020-03-05
798,19618.17248545926,2020-03-06
799,17953.610041780525,2020-03-09
800,18862.942152778556,2020-03-10
801,17891.715830865945,2020-03-11
802,16066.095548264157,2020-03-12
803,18163.685808880524,2020-03-13
804,16145.04373609916,2020-03-16
805,17034.26831910132,2020-03-17
806,15920.627129386148,2020-03-18
807,15963.360983109511,2020-03-19
808,15269.95193910064,2020-03-20
809,14777.675602657973,2020-03-23
810,16639.979482284594,2020-03-24
811,16654.29517069539,2020-03-25
812,17351.12221089069,2020-03-26
813,16713.47012936175,2020-03-27
814,17345.477180056325,2020-03-30
815,17041.824273201368,2020-03-31
816,16299.954377463126,2020-04-01
817,17020.202783309054,2020-04-02
818,16743.97694570772,2020-04-03
819,17737.294114576172,2020-04-06
820,17661.06628238149,2020-04-07
821,18419.356949940182,2020-04-08
822,18461.2259301939,2020-04-09
823,18539.016596898316,2020-04-13
824,19179.448872330184,2020-04-14
825,18782.659480705737,2020-04-15
826,19220.937824581895,2020-04-16
827,19423.81185321697,2020-04-17
828,19360.285022549782,2020-04-20
829,18840.001640756393,2020-04-21
830,18911.201939324576,2020-04-22
831,19069.730777057543,2020-04-23
832,19460.779617200038,2020-04-24
833,19834.086155094235,2020-04-27
834,19471.033921967162,2020-04-28
835,19528.73940129335,2020-04-29
836,19765.495594916836,2020-04-30
837,19198.837326722056,2020-05-01
838,19256.17379381352,2020-05-04
839,19612.453907873627,2020-05-05
840,19615.399915015576,2020-05-06
841,19576.4186283967,2020-05-07
842,19845.50843614132,2020-05-08
843,20209.974868815123,2020-05-11
844,19781.785451054075,2020-05-12
845,19606.66238198016,2020-05-13
846,19770.549867210044,2020-05-14
847,19930.61444190817,2020-05-15
848,20019.47794414142,2020-05-18
849,19629.249770860853,2020-05-19
850,19886.8665535564,2020-05-20
851,19676.80752299477,2020-05-21
852,19744.113373618664,2020-05-22
853,19805.983258601744,2020-05-26
854,20052.642604589182,2020-05-27
855,19898.97165644256,2020-05-28
856,20103.647555237152,2020-05-29
857,20064.241037270625,2020-06-01
858,20011.438112317104,2020-06-02
859,20071.7812961011,2020-06-03
860,20128.933200273856,2020-06-04
861,20673.683899365562,2020-06-05
862,20985.441162401672,2020-06-08
863,20887.5106814599,2020-06-09
864,20920.976005634828,2020-06-10
865,19781.85164261552,2020-06-11
866,19998.285122015284,2020-06-12
867,20197.761339404824,2020-06-15
868,20683.16809405801,2020-06-16
869,20503.400124113123,2020-06-17
870,20681.59420422831,2020-06-18
871,20761.606288727126,2020-06-19
872,20792.126921542564,2020-06-22
873,20860.102820936532,2020-06-23
874,20299.09600888288,2020-06-24
875,20540.434006189495,2020-06-25
876,20028.380920950935,2020-06-26
877,20382.161075404816,2020-06-29
878,20625.07719545044,2020-06-30
879,21138.932331697528,2020-07-01
880,21261.4429500495,2020-07-02
881,21414.09450438509,2020-07-06
882,21118.103818840038,2020-07-07
883,21227.69103549282,2020-07-08
884,21087.148248318554,2020-07-09
885,21190.19827002614,2020-07-10
886,21164.10035026897,2020-07-13
887,21583.18424114061,2020-07-14
888,21666.94101537815,2020-07-15
889,21700.800591559517,2020-07-16
890,21855.26304003651,2020-07-17
891,21960.981848789794,2020-07-20
892,21924.650796478978,2020-07-21
893,21895.342497268448,2020-07-22
894,21590.837012831627,2020-07-23
895,21286.018323439228,2020-07-24
896,21685.465612972,2020-07-27
897,21727.988531790717,2020-07-28
898,21349.319578563278,2020-07-29
899,21123.23397095248,2020-07-30
900,20994.876385002262,2020-07-31
901,21190.005373193704,2020-08-03
902,20975.101173234863,2020-08-04
903,20914.139764863663,2020-08-05
904,20953.64894625035,2020-08-06
905,21005.274886710453,2020-08-07
906,20929.24164385808,2020-08-10
907,20735.490467844473,2020-08-11
908,21162.13420048588,2020-08-12
909,20903.798982217777,2020-08-13
910,20949.938544357112,2020-08-14
911,20990.71499773412,2020-08-17
912,20844.631646670743,2020-08-18
913,20792.43324468754,2020-08-19
914,20726.356625723685,2020-08-20
915,20635.071541192487,2020-08-21
916,20850.217926518904,2020-08-24
917,21297.361988984412,2020-08-25
918,21858.187777024126,2020-08-26
919,22246.584193198603,2020-08-27
920,22298.25841926336,2020-08-28
921,22224.049884412852,2020-08-31
922,22343.53207466671,2020-09-01
923,22638.483958791312,2020-09-02
924,22181.600131243198,2020-09-03
925,22166.757581689766,2020-09-04
926,21553.924447357018,2020-09-08
927,21796.126249239376,2020-09-09
928,21522.069907158417,2020-09-10
929,21587.536651984137,2020-09-11
930,22123.37070902888,2020-09-14
931,22068.82677113449,2020-09-15
932,21964.530132876916,2020-09-16
933,21745.93527860343,2020-09-17
934,21500.715621876843,2020-09-18
935,20668.678738630286,2020-09-21
936,20766.150866181295,2020-09-22
937,20208.50412386009,2020-09-23
938,20128.92664461104,2020-09-24
939,20393.58531281599,2020-09-25
940,20840.75079903039,2020-09-28
941,20728.404811510143,2020-09-29
942,21160.45852498769,2020-09-30
943,21307.103383812966,2020-10-01
944,21065.24920385628,2020-10-02
945,21629.618622716924,2020-10-05
946,21258.211160503528,2020-10-06
947,21632.94416110019,2020-10-07
948,21486.56850604001,2020-10-08
949,21411.457092795285,2020-10-09
950,21542.6238262763,2020-10-12
951,21297.52964987474,2020-10-13
952,21238.209187570945,2020-10-14
953,21118.78016118895,2020-10-15
954,21217.79208374964,2020-10-16
955,20748.278012941573,2020-10-19
956,20832.70407898492,2020-10-20
957,20558.506040476976,2020-10-21
958,20987.065849972736,2020-10-22
959,20419.567227891486,2020-10-23
960,19755.629900980217,2020-10-26
961,19417.417964895696,2020-10-27
962,18757.408100871493,2020-10-28
963,18721.772540425434,2020-10-29
964,18715.734883331443,2020-10-30
965,19085.456249618055,2020-11-02
966,19491.308103926007,2020-11-03
967,19743.91455100076,2020-11-04
968,20042.522638071034,2020-11-05
969,19858.65932115572,2020-11-06
970,22726.627565335755,2020-11-09
971,22717.064591871105,2020-11-10
972,22064.682753589335,2020-11-11
973,21954.695919558944,2020-11-12
974,22596.48324532273,2020-11-13
975,23134.85198878177,2020-11-16
976,22716.316172011015,2020-11-17
977,22286.44118794352,2020-11-18
978,22222.74720451992,2020-11-19
979,21961.796716624227,2020-11-20
980,22574.504065682624,2020-11-23
981,23333.896910435342,2020-11-24
982,23349.329414496133,2020-11-25
983,23360.915505805857,2020-11-27
984,23019.51868191872,2020-11-30
985,23279.194479827,2020-12-01
986,23752.079619271703,2020-12-02
987,23970.54953621317,2020-12-03
988,24277.611919601102,2020-12-04
989,24120.60152728254,2020-12-07
990,24045.88124874892,2020-12-08
991,23739.091551725473,2020-12-09
992,23758.52183472427,2020-12-10
993,23475.5372299256,2020-12-11
994,22990.769401574566,2020-12-14
995,23344.071301412212,2020-12-15
996,23324.401524857716,2020-12-16
997,23329.819464718545,2020-12-17
998,23092.753222870273,2020-12-18
999,22866.115398308735,2020-12-21
1000,22531.271824234416,2020-12-22
1001,22931.21162056386,2020-12-23
1002,23009.90045240008,2020-12-24
1003,23205.4040577211,2020-12-28
1004,23159.190837697228,2020-12-29
1005,23377.095813833814,2020-12-30
1006,23654.361511225008,2020-12-31
1007,23127.072266609423,2021-01-04
1008,23241.574286702646,2021-01-05
1009,24037.12801795267,2021-01-06
1010,23895.83420166927,2021-01-07
1011,23920.516763320502,2021-01-08
1012,23807.55046930728,2021-01-11
1013,23932.119381117293,2021-01-12
1014,24058.871391329787,2021-01-13
1015,24298.76643797742,2021-01-14
1016,24019.74465005723,2021-01-15
1017,24826.10704483026,2021-01-19
1018,25225.888634851057,2021-01-20
1019,24961.354037573114,2021-01-21
1020,24688.11265299606,2021-01-22
1021,23807.571256077852,2021-01-25
1022,22928.959988560833,2021-01-26
1023,22561.79433642802,2021-01-27
1024,23422.191194982865,2021-01-28
1025,22897.328487051884,2021-01-29
1026,23050.315788004504,2021-02-01
1027,23700.156659417768,2021-02-02
1028,23678.613051070322,2021-02-03
1029,24483.833265685913,2021-02-04
1030,24715.64366216632,2021-02-05
1031,25035.897911060078,2021-02-08
1032,24801.027243981793,2021-02-09
1033,25070.878756821137,2021-02-10
1034,25076.685144440056,2021-02-11
1035,25321.024827966114,2021-02-12
1036,25459.29385678583,2021-02-16
1037,25112.939146759913,2021-02-17
1038,25071.70044335011,2021-02-18
1039,25625.422854124387,2021-02-19
1040,26346.205733979652,2021-02-22
1041,26528.569530432254,2021-02-23
1042,27009.95887531134,2021-02-24
1043,26492.668244560347,2021-02-25
1044,26147.360126420084,2021-02-26
1045,26781.87062017554,2021-03-01
1046,26853.6322890703,2021-03-02
1047,27397.58372178399,2021-03-03
1048,27384.2253429983,2021-03-04
1049,28256.300602239684,2021-03-05
1050,28758.042969166756,2021-03-08
1051,27894.73805806291,2021-03-09
1052,28189.51607311069,2021-03-10
1053,28374.697763093816,2021-03-11
1054,28497.755383710926,2021-03-12
1055,28274.107350461447,2021-03-15
1056,27645.006509272815,2021-03-16
1057,27920.6660750732,2021-03-17
1058,27516.6818652918,2021-03-18
1059,27176.203941605803,2021-03-19
1060,27055.10979204663,2021-03-22
1061,26322.7403988601,2021-03-23
1062,26753.987701468253,2021-03-24
1063,27474.933792848162,2021-03-25
1064,27778.30464968405,2021-03-26
1065,27534.1391787177,2021-03-29
1066,27718.272493046232,2021-03-30
1067,27412.714710113152,2021-03-31
1068,27997.832203158356,2021-04-01
1069,28287.716226613928,2021-04-05
1070,28293.129624874167,2021-04-06
1071,28471.501416732524,2021-04-07
1072,28450.786277466537,2021-04-08
1073,28596.425184399846,2021-04-09
1074,28555.769386562042,2021-04-12
1075,28265.243002128784,2021-04-13
1076,28531.604605690878,2021-04-14
1077,28758.83657725289,2021-04-15
1078,29041.219818476984,2021-04-16
1079,28762.571927784364,2021-04-19
1080,28098.003503903517,2021-04-20
1081,28498.34189300276,2021-04-21
1082,28487.98478633067,2021-04-22
1083,27954.83306139266,2021-04-23
1084,29092.73310930421,2021-04-26
1085,29094.673952529316,2021-04-27
1086,29514.167024107777,2021-04-28
1087,29917.77430265123,2021-04-29
1088,29670.24502687962,2021-04-30
1089,29949.536068034704,2021-05-03
1090,29897.12147126305,2021-05-04
1091,30253.346203761772,2021-05-05
1092,30354.300561155116,2021-05-06
1093,30761.375977159838,2021-05-07
1094,30700.75069939318,2021-05-10
1095,29885.886354557835,2021-05-11
1096,29471.819847578117,2021-05-12
1097,29815.5420626389,2021-05-13
1098,30409.53119713677,2021-05-14
1099,30353.53069338747,2021-05-17
1100,29992.04542264458,2021-05-18
1101,29935.45169505731,2021-05-19
1102,30096.39088283104,2021-05-20
1103,30345.758233246248,2021-05-21
1104,30670.086273963523,2021-05-24
1105,30534.33041113959,2021-05-25
1106,30634.084120205815,2021-05-26
1107,30848.041509428203,2021-05-27
1108,30925.180047268692,2021-05-28
1109,31600.94124097222,2021-06-01
1110,31673.726679469713,2021-06-02
1111,31746.74118294485,2021-06-03
1112,31842.598145335352,2021-06-04
1113,32017.44573175851,2021-06-07
1114,32130.18212991579,2021-06-08
1115,31668.096902109126,2021-06-09
1116,31312.330576686803,2021-06-10
1117,31751.11574414949,2021-06-11
1118,31617.963999422223,2021-06-14
1119,32089.16211655719,2021-06-15
1120,31781.656155199023,2021-06-16
1121,31292.44184914999,2021-06-17
1122,30529.479272602082,2021-06-18
1123,31802.484059555667,2021-06-21
1124,31741.973727504468,2021-06-22
1125,32014.446020206255,2021-06-23
1126,32412.888102433135,2021-06-24
1127,32638.204713735355,2021-06-25
1128,31776.851753776114,2021-06-28
1129,31675.7277761693,2021-06-29
1130,31858.182787422662,2021-06-30
